step,type,amount,oldbalanceOrg,newbalanceOrig,oldbalanceDest,newbalanceDest,isFraud
0,CASH_IN,7471.66,19160.04,11688.38,29842.51,37314.17,0
1,CASH_OUT,7759.66,46465.64,38705.98,7143.34,14903.0,0
2,CASH_IN,40383.92,97021.08,56637.16,10616.96,51000.88,0
3,CASH_IN,19005.09,62130.67,43125.58,353.32,19358.41,0
4,CASH_OUT,52768.43,61573.44,8805.01,48687.78,101456.21,1
5,CASH_OUT,19106.18,38863.74,19757.56,23338.14,42444.32,0
6,CASH_IN,312.3,45599.43,45287.13,47110.09,47422.39,0
7,TRANSFER,1530.6,31156.76,29626.16,34211.65,35742.25,0
8,DEBIT,869.76,50022.51,49152.75,45466.02,46335.78,0
9,DEBIT,8289.33,31859.4,23570.07,27335.51,35624.84,0
10,TRANSFER,36518.06,77738.15,41220.09,44741.37,81259.43,0
11,DEBIT,897.75,5477.5,4579.75,19433.86,20331.61,0
12,CASH_IN,28518.03,59088.37,30570.34,30351.71,58869.74,0
13,CASH_IN,3006.84,80417.5,77410.66,49344.35,52351.19,0
14,DEBIT,221.45,30055.33,29833.88,9942.12,10163.57,0
15,CASH_OUT,2873.15,77355.76,74482.61,17923.29,20796.44,0
16,PAYMENT,10381.42,62706.51,52325.09,3177.92,13559.34,0
17,CASH_IN,23348.11,73231.01,49882.9,44360.64,67708.75,0
18,CASH_IN,41258.51,97199.5,55940.99,36086.48,77344.99,0
19,CASH_OUT,11282.24,52750.55,41468.31,1270.96,12553.2,0
20,PAYMENT,8172.87,32121.24,23948.37,45378.32,53551.19,0
21,CASH_IN,5535.73,54444.27,48908.54,47142.68,52678.41,0
22,CASH_OUT,7884.96,16960.91,9075.95,40406.02,48290.98,0
23,DEBIT,7523.51,80563.54,73040.03,44627.95,52151.46,0
24,TRANSFER,2337.82,13086.71,10748.89,45341.42,47679.24,0
25,CASH_OUT,17705.16,43283.67,25578.51,43036.53,60741.69,0
26,TRANSFER,40371.1,42323.69,1952.59,13470.62,53841.72,1
27,CASH_OUT,8564.1,32997.09,24432.99,35150.95,43715.05,0
28,PAYMENT,3233.91,26137.63,22903.72,34815.21,38049.12,0
29,CASH_IN,548.17,29199.21,28651.04,30478.22,31026.39,0
30,CASH_IN,11156.2,35162.05,24005.85,34035.27,45191.47,0
31,TRANSFER,11938.41,98579.39,86640.98,33606.78,45545.19,0
32,CASH_OUT,10030.71,24973.83,14943.12,23515.03,33545.74,0
33,CASH_OUT,32665.01,81826.76,49161.75,7535.88,40200.89,0
34,CASH_IN,14019.31,85977.52,71958.21,11012.05,25031.36,0
35,CASH_OUT,1717.03,35517.93,33800.9,47026.16,48743.19,0
36,TRANSFER,28359.69,83933.3,55573.61,36760.81,65120.5,0
37,TRANSFER,8760.14,26536.22,17776.08,40861.11,49621.25,0
38,DEBIT,13360.84,26822.09,13461.25,48270.97,61631.81,0
39,CASH_OUT,2751.58,19682.0,16930.42,35017.89,37769.47,0
40,DEBIT,34637.08,88821.56,54184.48,32101.58,66738.66,0
41,DEBIT,27280.16,89956.86,62676.7,459.85,27740.01,0
42,CASH_OUT,13833.08,97392.72,83559.64,15268.19,29101.27,0
43,CASH_OUT,7357.53,65544.16,58186.63,35608.96,42966.49,0
44,CASH_IN,3433.45,18703.45,15270.0,37208.53,40641.98,0
45,PAYMENT,13923.9,54711.48,40787.58,31816.63,45740.53,0
46,CASH_IN,22285.29,49187.47,26902.18,21719.72,44005.01,0
47,PAYMENT,14316.03,58113.48,43797.45,9762.15,24078.18,0
48,CASH_OUT,22147.59,57628.42,35480.83,2180.19,24327.78,0
49,CASH_IN,12668.91,28676.47,16007.56,37385.94,50054.85,0
50,CASH_IN,20972.02,43390.23,22418.21,48181.0,69153.02,0
51,CASH_IN,16651.71,39124.68,22472.97,15846.1,32497.81,0
52,PAYMENT,16917.25,40074.46,23157.21,46500.84,63418.09,0
53,TRANSFER,30635.2,61885.72,31250.52,7004.2,37639.4,0
54,TRANSFER,13975.94,32932.53,18956.59,6831.07,20807.01,0
55,CASH_IN,6376.92,30354.5,23977.58,12810.35,19187.27,0
56,DEBIT,12949.85,51622.9,38673.05,39914.76,52864.61,0
57,DEBIT,1235.56,88775.1,87539.54,28943.24,30178.8,0
58,CASH_OUT,12782.28,47094.2,34311.92,14327.06,27109.34,0
59,PAYMENT,1933.84,4697.47,2763.63,18009.53,19943.37,0
60,PAYMENT,11270.75,82959.03,71688.28,48262.59,59533.34,0
61,CASH_IN,4169.53,20243.62,16074.09,34975.61,39145.14,0
62,CASH_IN,34655.05,96984.15,62329.1,2053.38,36708.43,0
63,CASH_OUT,1753.23,44458.17,42704.94,1267.54,3020.77,0
64,PAYMENT,2021.8,69161.49,67139.69,45760.69,47782.49,0
65,PAYMENT,9295.34,66359.54,57064.2,47743.26,57038.6,0
66,CASH_IN,12921.17,61560.35,48639.18,12386.55,25307.72,0
67,CASH_IN,2211.07,12896.3,10685.23,4589.95,6801.02,0
68,DEBIT,167.35,18357.7,18190.35,38168.22,38335.57,0
69,DEBIT,3942.21,18146.99,14204.78,19925.24,23867.45,0
70,CASH_IN,11588.64,88781.36,77192.72,765.23,12353.87,0
71,PAYMENT,18606.42,54398.37,35791.95,30792.56,49398.98,0
72,TRANSFER,1065.75,3624.62,2558.87,47011.51,48077.26,0
73,TRANSFER,3720.02,57763.34,54043.32,40560.21,44280.23,0
74,DEBIT,18851.33,39224.16,20372.83,45267.53,64118.86,0
75,CASH_IN,4202.16,22244.32,18042.16,1948.16,6150.32,0
76,PAYMENT,12708.15,65916.54,53208.39,34080.68,46788.83,0
77,CASH_OUT,1716.51,28903.62,27187.11,34836.86,36553.37,0
78,CASH_IN,1025.49,4879.45,3853.96,48379.03,49404.52,0
79,CASH_IN,30383.64,75310.86,44927.22,49525.26,79908.9,0
80,TRANSFER,7479.17,25751.63,18272.46,43355.83,50835.0,0
81,DEBIT,16322.83,43470.41,27147.58,37727.14,54049.97,0
82,PAYMENT,13386.97,53898.42,40511.45,19480.9,32867.87,0
83,CASH_OUT,224.1,39530.97,39306.87,45269.1,45493.2,0
84,DEBIT,45181.01,95056.13,49875.12,28671.89,73852.9,0
85,CASH_IN,3039.89,10078.71,7038.82,27685.15,30725.04,0
86,CASH_IN,31336.65,79366.33,48029.68,4560.31,35896.96,0
87,TRANSFER,19846.42,44711.52,24865.1,17545.75,37392.17,0
88,DEBIT,28925.0,69114.97,40189.97,43343.44,72268.44,0
89,CASH_IN,4574.48,23035.07,18460.59,44594.85,49169.33,0
90,CASH_IN,4636.81,9398.93,4762.12,18713.54,23350.35,0
91,DEBIT,11089.23,24431.83,13342.6,29594.44,40683.67,0
92,DEBIT,3602.97,9266.57,5663.6,27920.21,31523.18,0
93,TRANSFER,7325.08,33695.0,26369.92,12684.11,20009.19,0
94,TRANSFER,28525.26,74356.41,45831.15,41139.52,69664.78,0
95,CASH_OUT,28265.89,58753.51,30487.62,18743.53,47009.42,0
96,PAYMENT,11142.92,23135.99,11993.07,607.72,11750.64,0
97,CASH_IN,724.51,32945.95,32221.44,46232.17,46956.68,0
98,DEBIT,27059.15,55831.57,28772.42,26154.89,53214.04,0
99,PAYMENT,18447.53,63128.25,44680.72,45057.9,63505.43,0
100,DEBIT,2784.33,95911.54,93127.21,19726.09,22510.42,0
101,CASH_IN,2685.15,28460.74,25775.59,23184.92,25870.07,0
102,TRANSFER,4930.12,27327.85,22397.73,12997.49,17927.61,0
103,PAYMENT,5906.0,28696.59,22790.59,30139.09,36045.09,0
104,CASH_IN,37501.98,91181.79,53679.81,47490.0,84991.98,0
105,PAYMENT,19777.34,42406.06,22628.72,43303.19,63080.53,0
106,PAYMENT,18735.46,77982.63,59247.17,49264.3,67999.76,0
107,TRANSFER,18772.12,38708.19,19936.07,42105.95,60878.07,0
108,TRANSFER,319.56,4645.36,4325.8,683.6,1003.16,0
109,DEBIT,40727.1,81477.2,40750.1,49831.84,90558.94,0
110,CASH_IN,27592.72,72885.96,45293.24,18892.53,46485.25,0
111,PAYMENT,6577.11,13786.78,7209.67,30308.73,36885.84,0
112,PAYMENT,1790.26,75942.91,74152.65,13433.62,15223.88,0
113,CASH_OUT,51182.25,52510.46,1328.21,15388.86,66571.11,1
114,DEBIT,24781.1,56532.86,31751.76,20174.14,44955.24,0
115,CASH_IN,21974.0,62410.65,40436.65,10648.21,32622.21,0
116,DEBIT,29820.23,98065.81,68245.58,31832.22,61652.45,0
117,CASH_OUT,15767.12,90511.71,74744.59,25699.47,41466.59,0
118,DEBIT,7989.17,30497.99,22508.82,34882.09,42871.26,0
119,TRANSFER,22822.58,92732.17,69909.59,12912.22,35734.8,0
120,TRANSFER,10856.2,62459.76,51603.56,10456.54,21312.74,0
121,CASH_OUT,557.12,8510.47,7953.35,6402.29,6959.41,0
122,DEBIT,3291.44,19006.13,15714.69,44839.42,48130.86,0
123,CASH_IN,29299.55,97337.92,68038.37,11192.45,40492.0,0
124,TRANSFER,2537.75,28580.44,26042.69,4435.13,6972.88,0
125,PAYMENT,16205.69,36243.16,20037.47,6437.42,22643.11,0
126,CASH_OUT,1957.32,4891.9,2934.58,31395.02,33352.34,0
127,CASH_OUT,2824.06,92166.37,89342.31,13843.88,16667.94,0
128,PAYMENT,29652.22,60130.53,30478.31,26829.53,56481.75,0
129,TRANSFER,20255.37,76235.59,55980.22,36025.8,56281.17,0
130,CASH_OUT,9273.29,25991.26,16717.97,44760.34,54033.63,0
131,DEBIT,2602.76,11610.03,9007.27,26630.86,29233.62,0
132,PAYMENT,6752.97,74003.12,67250.15,28198.25,34951.22,0
133,TRANSFER,6304.3,53998.22,47693.92,17146.34,23450.64,0
134,TRANSFER,19725.37,79127.95,59402.58,4346.01,24071.38,0
135,TRANSFER,16490.61,56216.48,39725.87,28222.93,44713.54,0
136,CASH_IN,11935.3,36945.15,25009.85,28538.92,40474.22,0
137,CASH_IN,15735.47,33704.5,17969.03,376.72,16112.19,0
138,DEBIT,3754.49,85230.93,81476.44,40293.24,44047.73,0
139,PAYMENT,2350.14,8943.14,6593.0,20519.84,22869.98,0
140,TRANSFER,26616.23,58023.84,31407.61,265.0,26881.23,0
141,CASH_OUT,29554.86,82265.29,52710.43,26751.84,56306.7,0
142,CASH_IN,7226.13,77179.8,69953.67,16183.96,23410.09,0
143,PAYMENT,19579.24,73888.47,54309.23,35361.5,54940.74,0
144,CASH_IN,23815.65,51104.29,27288.64,16032.11,39847.76,0
145,TRANSFER,12614.85,45972.53,33357.68,27446.1,40060.95,0
146,TRANSFER,681.84,9698.94,9017.1,135.54,817.38,0
147,CASH_OUT,16517.49,35537.96,19020.47,41530.97,58048.46,0
148,CASH_IN,34417.01,73355.88,38938.87,9061.65,43478.66,0
149,DEBIT,5902.88,84341.05,78438.17,39763.37,45666.25,0
150,CASH_OUT,7032.57,17262.31,10229.74,33259.86,40292.43,0
151,DEBIT,9506.29,32303.46,22797.17,34149.1,43655.39,0
152,CASH_OUT,16949.96,62786.05,45836.09,21937.23,38887.19,0
153,PAYMENT,17292.38,90057.88,72765.5,27177.64,44470.02,0
154,CASH_OUT,11817.06,54742.08,42925.02,16640.79,28457.85,0
155,TRANSFER,5873.06,14787.94,8914.88,31003.64,36876.7,0
156,CASH_OUT,6005.03,79071.12,73066.09,15586.1,21591.13,0
157,PAYMENT,1235.18,4319.71,3084.53,38122.93,39358.11,0
158,PAYMENT,3005.9,11188.69,8182.79,18941.08,21946.98,0
159,DEBIT,16080.06,40331.44,24251.38,7495.87,23575.93,0
160,DEBIT,482.24,77416.32,76934.08,29922.14,30404.38,0
161,TRANSFER,4488.16,25928.11,21439.95,9079.89,13568.05,0
162,TRANSFER,7275.87,94781.05,87505.18,29311.49,36587.36,0
163,PAYMENT,9567.43,26345.54,16778.11,29648.15,39215.58,0
164,DEBIT,921.68,79218.38,78296.7,32568.36,33490.04,0
165,TRANSFER,311.68,7823.23,7511.55,5212.35,5524.03,0
166,CASH_OUT,2592.57,45633.1,43040.53,49242.06,51834.63,0
167,PAYMENT,5283.14,33882.49,28599.35,11369.78,16652.92,0
168,PAYMENT,7684.37,74680.72,66996.35,39389.49,47073.86,0
169,CASH_OUT,10865.04,40418.7,29553.66,45992.78,56857.82,0
170,TRANSFER,22320.58,48602.86,26282.28,29353.41,51673.99,0
171,CASH_OUT,1326.27,14944.85,13618.58,24918.39,26244.66,0
172,PAYMENT,10709.37,36877.0,26167.63,31613.21,42322.58,0
173,TRANSFER,51698.53,52002.19,303.66,7433.14,59131.67,1
174,DEBIT,4986.06,53971.9,48985.84,14979.8,19965.86,0
175,CASH_OUT,9781.12,21780.65,11999.53,10256.98,20038.1,0
176,CASH_IN,16061.53,38394.87,22333.34,29372.68,45434.21,0
177,CASH_OUT,12033.11,45875.59,33842.48,22038.14,34071.25,0
178,CASH_OUT,1497.15,16368.78,14871.63,43089.28,44586.43,0
179,TRANSFER,8956.35,27803.72,18847.37,20436.71,29393.06,0
180,TRANSFER,79834.43,84139.1,4304.67,1354.8,81189.23,1
181,CASH_OUT,15191.27,51045.28,35854.01,16963.56,32154.83,0
182,CASH_OUT,7822.62,65621.86,57799.24,4972.07,12794.69,0
183,CASH_OUT,45474.96,96302.28,50827.32,7054.09,52529.05,0
184,TRANSFER,106.93,2287.19,2180.26,10394.31,10501.24,0
185,TRANSFER,80150.9,87767.96,7617.06,44633.59,124784.49,1
186,DEBIT,14132.01,34250.72,20118.71,18152.96,32284.97,0
187,DEBIT,12859.54,62790.74,49931.2,27602.36,40461.9,0
188,DEBIT,11076.73,22731.54,11654.81,38987.94,50064.67,0
189,CASH_OUT,35819.79,89560.67,53740.88,21260.68,57080.47,0
190,TRANSFER,49726.72,54621.79,4895.07,10901.16,60627.88,1
191,DEBIT,6347.93,14095.34,7747.41,34561.09,40909.02,0
192,TRANSFER,21778.68,53436.51,31657.83,24904.54,46683.22,0
193,CASH_IN,27171.86,65490.62,38318.76,10321.06,37492.92,0
194,TRANSFER,26591.97,27104.7,512.73,29870.66,56462.63,1
195,PAYMENT,14317.45,49933.11,35615.66,41905.35,56222.8,0
196,TRANSFER,7576.05,42781.57,35205.52,47931.36,55507.41,0
197,CASH_IN,7455.37,60712.06,53256.69,19464.78,26920.15,0
198,DEBIT,10730.97,72185.54,61454.57,28320.23,39051.2,0
199,CASH_IN,6605.52,48891.74,42286.22,26992.14,33597.66,0
200,DEBIT,1516.76,6091.16,4574.4,29842.14,31358.9,0
201,TRANSFER,8263.07,47949.49,39686.42,17577.01,25840.08,0
202,CASH_IN,15040.21,69151.84,54111.63,12320.1,27360.31,0
203,CASH_IN,596.23,1231.6,635.37,262.69,858.92,0
204,CASH_IN,4617.96,10066.63,5448.67,6840.93,11458.89,0
205,PAYMENT,5241.56,19328.16,14086.6,43647.29,48888.85,0
206,CASH_IN,27571.02,76144.55,48573.53,31861.58,59432.6,0
207,TRANSFER,5477.53,49453.07,43975.54,49383.4,54860.93,0
208,TRANSFER,29599.91,59238.11,29638.2,27790.33,57390.24,0
209,CASH_IN,7073.7,73371.34,66297.64,5764.1,12837.8,0
210,CASH_IN,20667.65,47947.21,27279.56,42227.47,62895.12,0
211,TRANSFER,21072.21,64810.12,43737.91,18234.86,39307.07,0
212,CASH_IN,3003.47,8618.37,5614.9,16993.75,19997.22,0
213,DEBIT,23184.78,57670.35,34485.57,26920.07,50104.85,0
214,CASH_IN,27893.16,62963.25,35070.09,30793.16,58686.32,0
215,CASH_OUT,936.49,87139.79,86203.3,43735.08,44671.57,0
216,CASH_OUT,47.53,7932.94,7885.41,2634.19,2681.72,0
217,CASH_IN,14087.08,48498.35,34411.27,13584.35,27671.43,0
218,PAYMENT,8966.16,34300.68,25334.52,36613.59,45579.75,0
219,CASH_OUT,35310.45,36107.59,797.14,35777.67,71088.12,1
220,PAYMENT,2064.42,91123.57,89059.15,5473.38,7537.8,0
221,DEBIT,10738.45,22607.13,11868.68,39317.25,50055.7,0
222,CASH_OUT,44745.23,90468.67,45723.44,37167.64,81912.87,0
223,DEBIT,9685.23,83944.75,74259.52,41532.13,51217.36,0
224,CASH_OUT,2044.68,18476.28,16431.6,9321.91,11366.59,0
225,CASH_IN,3259.6,6726.42,3466.82,44189.29,47448.89,0
226,TRANSFER,6900.73,52978.12,46077.39,25762.4,32663.13,0
227,PAYMENT,6624.65,16235.69,9611.04,11222.03,17846.68,0
228,PAYMENT,17320.08,59701.05,42380.97,4574.34,21894.42,0
229,CASH_OUT,6684.19,28022.98,21338.79,2218.83,8903.02,0
230,TRANSFER,26587.3,81142.09,54554.79,27542.87,54130.17,0
231,DEBIT,4929.24,37896.16,32966.92,36171.01,41100.25,0
232,CASH_IN,7791.68,22798.14,15006.46,3806.54,11598.22,0
233,CASH_IN,14393.09,48578.07,34184.98,41234.05,55627.14,0
234,TRANSFER,23703.2,54834.11,31130.91,36695.5,60398.7,0
235,DEBIT,36951.35,85207.59,48256.24,35418.15,72369.5,0
236,PAYMENT,4934.4,93078.94,88144.54,34949.54,39883.94,0
237,CASH_IN,38452.29,88206.21,49753.92,1462.36,39914.65,0
238,TRANSFER,9401.32,82174.74,72773.42,45435.07,54836.39,0
239,TRANSFER,74109.55,83381.28,9271.73,9656.64,83766.19,1
240,CASH_OUT,31005.96,98137.43,67131.47,12990.18,43996.14,0
241,CASH_IN,4192.12,78204.69,74012.57,38051.4,42243.52,0
242,TRANSFER,11025.64,34845.34,23819.7,46601.41,57627.05,0
243,DEBIT,7017.68,18201.59,11183.91,47364.89,54382.57,0
244,DEBIT,2236.14,7667.71,5431.57,17294.15,19530.29,0
245,CASH_OUT,42274.01,85389.05,43115.04,33802.61,76076.62,0
246,CASH_OUT,5264.21,13878.54,8614.33,1229.35,6493.56,0
247,TRANSFER,23837.53,25998.37,2160.84,13681.33,37518.86,1
248,PAYMENT,4749.66,11117.17,6367.51,26351.2,31100.86,0
249,CASH_OUT,950.63,22856.19,21905.56,34024.97,34975.6,0
250,CASH_OUT,41871.0,86937.38,45066.38,1565.12,43436.12,0
251,CASH_IN,12771.6,64214.07,51442.47,13710.76,26482.36,0
252,PAYMENT,11866.46,32753.53,20887.07,37291.85,49158.31,0
253,PAYMENT,12078.32,65515.02,53436.7,43217.91,55296.23,0
254,DEBIT,8412.64,19367.03,10954.39,38829.84,47242.48,0
255,TRANSFER,23907.0,76341.38,52434.38,6562.24,30469.24,0
256,DEBIT,8982.84,96783.62,87800.78,23104.86,32087.7,0
257,CASH_OUT,55900.1,61123.34,5223.24,10026.24,65926.34,1
258,CASH_IN,11020.44,27630.35,16609.91,15518.1,26538.54,0
259,CASH_IN,1609.85,8172.24,6562.39,23996.94,25606.79,0
260,CASH_OUT,30021.05,69803.21,39782.16,38992.55,69013.6,0
261,CASH_OUT,1385.79,11388.09,10002.3,49333.13,50718.92,0
262,DEBIT,19744.34,70544.03,50799.69,488.54,20232.88,0
263,TRANSFER,23781.03,53889.98,30108.95,4125.43,27906.46,0
264,TRANSFER,2682.59,40295.4,37612.81,28377.04,31059.63,0
265,TRANSFER,1704.75,82322.63,80617.88,33519.27,35224.02,0
266,CASH_IN,1130.06,70941.1,69811.04,46810.61,47940.67,0
267,PAYMENT,31006.48,71196.99,40190.51,35704.35,66710.83,0
268,CASH_OUT,16178.76,48955.45,32776.69,27650.07,43828.83,0
269,TRANSFER,1000.11,48609.48,47609.37,8199.97,9200.08,0
270,TRANSFER,869.28,6974.86,6105.58,7977.23,8846.51,0
271,TRANSFER,7897.95,33572.73,25674.78,37213.95,45111.9,0
272,CASH_IN,16498.3,66212.07,49713.77,27768.18,44266.48,0
273,CASH_IN,48563.01,99637.06,51074.05,32516.28,81079.29,0
274,CASH_OUT,4783.01,22835.55,18052.54,10178.91,14961.92,0
275,PAYMENT,31619.67,86958.98,55339.31,37135.33,68755.0,0
276,DEBIT,28331.21,73799.68,45468.47,25242.24,53573.45,0
277,CASH_OUT,12788.81,58288.87,45500.06,36262.88,49051.69,0
278,TRANSFER,23859.99,60174.63,36314.64,32750.47,56610.46,0
279,TRANSFER,9627.15,91323.97,81696.82,31148.33,40775.48,0
280,PAYMENT,5022.64,14025.2,9002.56,45451.63,50474.27,0
281,DEBIT,9722.01,37912.02,28190.01,20651.56,30373.57,0
282,PAYMENT,11092.85,25475.88,14383.03,22265.26,33358.11,0
283,PAYMENT,3181.23,66599.51,63418.28,32606.16,35787.39,0
284,DEBIT,8723.32,26555.21,17831.89,16259.5,24982.82,0
285,DEBIT,22017.04,97012.28,74995.24,11802.52,33819.56,0
286,TRANSFER,15208.17,45428.98,30220.81,7287.83,22496.0,0
287,CASH_OUT,11991.15,94909.75,82918.6,17962.54,29953.69,0
288,CASH_OUT,24532.2,73903.8,49371.6,23731.54,48263.74,0
289,DEBIT,19528.54,45190.5,25661.96,27907.01,47435.55,0
290,DEBIT,800.23,27705.21,26904.98,26558.48,27358.71,0
291,CASH_IN,7238.67,64360.29,57121.62,9000.52,16239.19,0
292,PAYMENT,1074.19,51216.25,50142.06,7417.16,8491.35,0
293,CASH_OUT,709.13,1489.06,779.93,31956.0,32665.13,0
294,CASH_OUT,16473.48,49395.81,32922.33,6982.56,23456.04,0
295,CASH_OUT,13389.64,15210.69,1821.05,33671.62,47061.26,1
296,PAYMENT,5735.91,73352.12,67616.21,11728.06,17463.97,0
297,TRANSFER,32540.49,66501.6,33961.11,18714.84,51255.33,0
298,CASH_OUT,60904.35,62166.88,1262.53,38425.97,99330.32,1
299,PAYMENT,23431.96,69263.15,45831.19,10783.76,34215.72,0
300,CASH_IN,19348.64,67030.18,47681.54,17428.68,36777.32,0
301,PAYMENT,43099.68,86777.43,43677.75,37621.39,80721.07,0
302,PAYMENT,3842.12,11801.85,7959.73,38259.54,42101.66,0
303,CASH_OUT,30866.06,80976.75,50110.69,39890.68,70756.74,0
304,CASH_OUT,5675.98,38191.55,32515.57,32453.73,38129.71,0
305,PAYMENT,7390.64,37279.69,29889.05,34773.36,42164.0,0
306,PAYMENT,16389.35,60052.06,43662.71,22220.97,38610.32,0
307,CASH_OUT,57484.84,60741.41,3256.57,37967.22,95452.06,1
308,CASH_IN,22447.32,86470.03,64022.71,23959.09,46406.41,0
309,TRANSFER,10720.38,11782.92,1062.54,29008.62,39729.0,1
310,CASH_OUT,31189.4,76723.44,45534.04,35906.15,67095.55,0
311,CASH_IN,17760.86,82416.95,64656.09,44835.71,62596.57,0
312,PAYMENT,12513.43,65814.62,53301.19,9857.71,22371.14,0
313,CASH_OUT,2687.31,11040.66,8353.35,12838.83,15526.14,0
314,CASH_OUT,24763.02,93030.98,68267.96,29046.6,53809.62,0
315,TRANSFER,19823.17,40590.62,20767.45,41158.7,60981.87,0
316,DEBIT,4983.93,18962.4,13978.47,35452.31,40436.24,0
317,TRANSFER,8874.4,19337.62,10463.22,21226.37,30100.77,0
318,PAYMENT,10002.29,37977.46,27975.17,5615.22,15617.51,0
319,TRANSFER,85797.26,88536.44,2739.18,32330.3,118127.56,1
320,PAYMENT,37867.79,84146.27,46278.48,17671.07,55538.86,0
321,CASH_IN,11312.89,30903.99,19591.1,42558.71,53871.6,0
322,PAYMENT,3265.92,10458.0,7192.08,22588.38,25854.3,0
323,PAYMENT,31903.51,73950.5,42046.99,10836.99,42740.5,0
324,CASH_IN,19599.46,64555.18,44955.72,27334.87,46934.33,0
325,CASH_IN,14871.57,59853.16,44981.59,49389.28,64260.85,0
326,CASH_IN,15037.65,67908.28,52870.63,22289.55,37327.2,0
327,CASH_OUT,6372.86,99134.34,92761.48,5205.48,11578.34,0
328,TRANSFER,35020.22,90646.95,55626.73,13244.77,48264.99,0
329,DEBIT,3239.65,19994.87,16755.22,11332.82,14572.47,0
330,DEBIT,18634.82,44798.58,26163.76,33480.13,52114.95,0
331,CASH_IN,8257.08,27843.6,19586.52,34006.6,42263.68,0
332,TRANSFER,11373.6,33967.19,22593.59,49706.97,61080.57,0
333,PAYMENT,22223.3,99552.57,77329.27,16678.48,38901.78,0
334,TRANSFER,8405.69,95804.9,87399.21,34500.24,42905.93,0
335,TRANSFER,2385.93,10570.97,8185.04,37808.17,40194.1,0
336,DEBIT,23308.5,98142.4,74833.9,19126.31,42434.81,0
337,CASH_OUT,7984.2,16089.19,8104.99,46350.05,54334.25,0
338,PAYMENT,3144.7,67484.29,64339.59,12852.36,15997.06,0
339,PAYMENT,15524.36,61240.15,45715.79,7965.2,23489.56,0
340,DEBIT,4086.89,31009.71,26922.82,18006.82,22093.71,0
341,CASH_OUT,6291.45,24666.48,18375.03,41264.31,47555.76,0
342,TRANSFER,15593.53,60458.84,44865.31,45969.6,61563.13,0
343,DEBIT,8899.96,85291.07,76391.11,46529.76,55429.72,0
344,TRANSFER,21300.15,63167.06,41866.91,26624.06,47924.21,0
345,CASH_OUT,12074.23,79213.01,67138.78,4045.96,16120.19,0
346,TRANSFER,1821.87,16225.32,14403.45,47866.14,49688.01,0
347,TRANSFER,5470.39,82425.58,76955.19,43100.72,48571.11,0
348,PAYMENT,23336.33,61019.04,37682.71,8741.93,32078.26,0
349,PAYMENT,27553.42,82694.88,55141.46,6088.1,33641.52,0
350,DEBIT,6925.87,14381.46,7455.59,27476.48,34402.35,0
351,DEBIT,8070.26,31869.8,23799.54,21975.58,30045.84,0
352,CASH_IN,832.81,2751.09,1918.28,18239.91,19072.72,0
353,CASH_IN,18005.53,78295.4,60289.87,2908.19,20913.72,0
354,CASH_IN,9274.14,62330.28,53056.14,21516.86,30791.0,0
355,CASH_IN,1980.85,13017.11,11036.26,5052.29,7033.14,0
356,DEBIT,19691.79,62187.12,42495.33,11444.73,31136.52,0
357,DEBIT,9773.69,31319.11,21545.42,26352.07,36125.76,0
358,CASH_IN,19970.05,88773.82,68803.77,9731.13,29701.18,0
359,DEBIT,4313.83,48681.85,44368.02,19353.94,23667.77,0
360,TRANSFER,2987.48,14246.57,11259.09,39516.89,42504.37,0
361,TRANSFER,6125.14,19779.79,13654.65,16175.02,22300.16,0
362,CASH_IN,39121.6,97611.5,58489.9,47978.83,87100.43,0
363,CASH_OUT,8828.89,27319.26,18490.37,24966.69,33795.58,0
364,CASH_IN,3709.89,49335.87,45625.98,16233.8,19943.69,0
365,CASH_OUT,7543.1,38212.94,30669.84,22972.34,30515.44,0
366,CASH_IN,733.29,14181.36,13448.07,32934.61,33667.9,0
367,TRANSFER,5651.3,44322.71,38671.41,42043.58,47694.88,0
368,DEBIT,32320.47,78335.87,46015.4,24772.61,57093.08,0
369,PAYMENT,2068.2,61779.42,59711.22,25920.4,27988.6,0
370,DEBIT,17590.48,51709.97,34119.49,2083.65,19674.13,0
371,CASH_OUT,26570.36,66244.52,39674.16,5268.38,31838.74,0
372,DEBIT,13079.12,74013.33,60934.21,14826.78,27905.9,0
373,CASH_OUT,6163.65,66475.69,60312.04,8705.47,14869.12,0
374,TRANSFER,135.46,3073.55,2938.09,48393.0,48528.46,0
375,PAYMENT,32577.73,97623.09,65045.36,521.38,33099.11,0
376,DEBIT,25015.62,77688.74,52673.12,26515.11,51530.73,0
377,TRANSFER,2068.8,32899.33,30830.53,23716.81,25785.61,0
378,CASH_IN,21943.45,58659.84,36716.39,40588.49,62531.94,0
379,CASH_OUT,304.19,5329.83,5025.64,29926.58,30230.77,0
380,CASH_OUT,10783.28,55459.1,44675.82,8184.19,18967.47,0
381,DEBIT,1294.41,13028.64,11734.23,44346.25,45640.66,0
382,CASH_OUT,10698.85,67474.04,56775.19,43963.43,54662.28,0
383,TRANSFER,7078.61,63971.01,56892.4,48919.86,55998.47,0
384,DEBIT,1020.1,6331.96,5311.86,37659.37,38679.47,0
385,DEBIT,442.99,5274.2,4831.21,6586.44,7029.43,0
386,CASH_OUT,23581.82,96547.84,72966.02,7533.81,31115.63,0
387,CASH_OUT,28275.09,76060.32,47785.23,30597.03,58872.12,0
388,CASH_IN,2971.46,10281.94,7310.48,43856.92,46828.38,0
389,TRANSFER,22830.87,56246.19,33415.32,37085.6,59916.47,0
390,DEBIT,2177.79,10818.63,8640.84,40003.55,42181.34,0
391,TRANSFER,30361.94,74492.46,44130.52,30748.91,61110.85,0
392,CASH_IN,14243.77,54330.87,40087.1,42402.39,56646.16,0
393,DEBIT,7583.55,74827.64,67244.09,47903.67,55487.22,0
394,CASH_OUT,31941.81,75870.2,43928.39,23515.95,55457.76,0
395,TRANSFER,8408.58,37462.64,29054.06,36103.55,44512.13,0
396,CASH_OUT,4858.32,14644.47,9786.15,93.99,4952.31,0
397,TRANSFER,11087.04,62339.34,51252.3,39709.87,50796.91,0
398,DEBIT,18630.75,51500.86,32870.11,5206.87,23837.62,0
399,DEBIT,17054.11,56505.35,39451.24,33823.4,50877.51,0
400,DEBIT,20602.88,82679.89,62077.01,3852.91,24455.79,0
401,CASH_IN,36748.71,74846.6,38097.89,10492.1,47240.81,0
402,CASH_OUT,3295.22,44579.7,41284.48,16409.64,19704.86,0
403,TRANSFER,1190.51,37770.78,36580.27,40068.35,41258.86,0
404,PAYMENT,30004.37,93378.22,63373.85,21062.4,51066.77,0
405,CASH_OUT,34146.98,68905.22,34758.24,37360.98,71507.96,0
406,TRANSFER,5467.65,59189.17,53721.52,18111.77,23579.42,0
407,CASH_IN,20602.67,70324.94,49722.27,29323.95,49926.62,0
408,CASH_OUT,14380.68,30573.83,16193.15,12964.84,27345.52,0
409,CASH_OUT,8850.91,38314.5,29463.59,24045.3,32896.21,0
410,CASH_IN,22377.39,70895.88,48518.49,2492.1,24869.49,0
411,CASH_OUT,16142.43,44248.22,28105.79,38275.64,54418.07,0
412,DEBIT,2798.58,14003.59,11205.01,46131.15,48929.73,0
413,CASH_IN,232.71,7826.84,7594.13,14109.35,14342.06,0
414,CASH_OUT,11134.31,28285.62,17151.31,48741.73,59876.04,0
415,TRANSFER,11354.18,84634.15,73279.97,7819.09,19173.27,0
416,CASH_OUT,3265.32,7202.67,3937.35,6962.27,10227.59,0
417,PAYMENT,3354.37,77413.91,74059.54,11839.22,15193.59,0
418,CASH_OUT,26997.8,96376.05,69378.25,46841.12,73838.92,0
419,DEBIT,24663.44,78983.59,54320.15,24724.06,49387.5,0
420,CASH_IN,6521.8,65763.29,59241.49,28266.51,34788.31,0
421,PAYMENT,45832.0,94756.56,48924.56,9150.77,54982.77,0
422,CASH_OUT,20121.0,23306.38,3185.38,34187.71,54308.71,1
423,CASH_IN,4755.44,23513.54,18758.1,27127.29,31882.73,0
424,PAYMENT,2248.88,54810.28,52561.4,22915.03,25163.91,0
425,CASH_IN,4969.82,14955.0,9985.18,10804.52,15774.34,0
426,CASH_OUT,17852.81,65446.37,47593.56,3113.66,20966.47,0
427,DEBIT,17723.36,36241.36,18518.0,39699.49,57422.85,0
428,CASH_IN,2864.04,17305.93,14441.89,37837.58,40701.62,0
429,CASH_IN,5366.35,66303.31,60936.96,12774.67,18141.02,0
430,TRANSFER,21018.59,75322.22,54303.63,27625.68,48644.27,0
431,CASH_OUT,24518.99,91012.8,66493.81,24890.63,49409.62,0
432,DEBIT,9089.77,45717.99,36628.22,4670.4,13760.17,0
433,CASH_OUT,5544.96,21172.88,15627.92,14356.9,19901.86,0
434,DEBIT,4437.19,28367.73,23930.54,32133.73,36570.92,0
435,TRANSFER,5792.06,16637.53,10845.47,39663.07,45455.13,0
436,CASH_OUT,16575.19,36946.97,20371.78,8442.71,25017.9,0
437,DEBIT,1942.48,20999.55,19057.07,44699.49,46641.97,0
438,CASH_OUT,12780.72,32003.04,19222.32,48387.79,61168.51,0
439,PAYMENT,20353.86,80556.75,60202.89,48356.33,68710.19,0
440,CASH_IN,21304.52,67124.08,45819.56,8297.74,29602.26,0
441,CASH_OUT,117.42,17061.11,16943.69,27987.78,28105.2,0
442,PAYMENT,8657.37,82472.89,73815.52,18951.36,27608.73,0
443,DEBIT,35204.97,85959.53,50754.56,27039.69,62244.66,0
444,DEBIT,44533.34,98818.49,54285.15,32583.4,77116.74,0
445,TRANSFER,36120.65,82106.26,45985.61,26271.75,62392.4,0
446,DEBIT,4173.97,82771.84,78597.87,11993.71,16167.68,0
447,PAYMENT,7106.47,74227.46,67120.99,30688.87,37795.34,0
448,PAYMENT,19870.82,84303.31,64432.49,48955.25,68826.07,0
449,DEBIT,3953.77,74190.18,70236.41,15745.98,19699.75,0
450,TRANSFER,64262.77,65872.96,1610.19,13963.8,78226.57,1
451,DEBIT,9358.85,86772.26,77413.41,18018.89,27377.74,0
452,PAYMENT,10157.11,31090.69,20933.58,46915.24,57072.35,0
453,PAYMENT,26288.97,79056.29,52767.32,13014.34,39303.31,0
454,CASH_OUT,94.43,1018.65,924.22,19487.97,19582.4,0
455,DEBIT,2507.06,38779.58,36272.52,20638.06,23145.12,0
456,CASH_OUT,909.59,42832.29,41922.7,36995.21,37904.8,0
457,PAYMENT,13630.39,29929.6,16299.21,37698.1,51328.49,0
458,DEBIT,30511.2,98198.07,67686.87,27959.24,58470.44,0
459,PAYMENT,12599.74,28870.6,16270.86,5629.02,18228.76,0
460,CASH_IN,1029.79,7765.75,6735.96,2306.18,3335.97,0
461,DEBIT,9226.28,30825.26,21598.98,14861.89,24088.17,0
462,PAYMENT,2604.08,5766.14,3162.06,42613.19,45217.27,0
463,PAYMENT,30972.47,98913.81,67941.34,26565.83,57538.3,0
464,DEBIT,29215.08,58697.88,29482.8,42784.8,71999.88,0
465,CASH_IN,2868.35,25978.42,23110.07,24418.73,27287.08,0
466,PAYMENT,30469.67,91053.06,60583.39,41464.34,71934.01,0
467,PAYMENT,1214.54,3489.05,2274.51,4110.35,5324.89,0
468,PAYMENT,2871.42,34740.75,31869.33,8529.1,11400.52,0
469,DEBIT,25297.26,79091.42,53794.16,33821.32,59118.58,0
470,DEBIT,9530.88,39066.62,29535.74,32611.21,42142.09,0
471,TRANSFER,23522.22,47816.82,24294.6,13447.95,36970.17,0
472,PAYMENT,35.24,1289.18,1253.94,30203.58,30238.82,0
473,CASH_OUT,13798.29,28404.62,14606.33,16567.35,30365.64,0
474,CASH_OUT,10747.74,45299.35,34551.61,29543.37,40291.11,0
475,PAYMENT,200.45,1758.74,1558.29,1836.07,2036.52,0
476,TRANSFER,10272.31,46822.34,36550.03,10925.49,21197.8,0
477,PAYMENT,1764.24,40304.49,38540.25,30853.33,32617.57,0
478,CASH_OUT,25325.13,88106.41,62781.28,1483.41,26808.54,0
479,CASH_OUT,21195.86,45609.1,24413.24,8260.2,29456.06,0
480,CASH_OUT,18920.57,41691.09,22770.52,35701.63,54622.2,0
481,PAYMENT,39423.08,82555.25,43132.17,41059.91,80482.99,0
482,CASH_OUT,1073.73,1208.28,134.55,2976.24,4049.97,1
483,TRANSFER,8789.44,26412.73,17623.29,40017.74,48807.18,0
484,CASH_IN,2725.09,12981.48,10256.39,37558.9,40283.99,0
485,TRANSFER,12295.19,32787.03,20491.84,20633.77,32928.96,0
486,TRANSFER,10936.35,36830.08,25893.73,506.56,11442.91,0
487,PAYMENT,26930.74,61644.77,34714.03,36198.65,63129.39,0
488,TRANSFER,22165.15,53469.16,31304.01,49563.16,71728.31,0
489,PAYMENT,6318.18,42781.39,36463.21,24300.02,30618.2,0
490,TRANSFER,36808.7,91103.33,54294.63,10802.57,47611.27,0
491,PAYMENT,1491.98,7671.07,6179.09,42592.06,44084.04,0
492,CASH_IN,4335.57,28262.74,23927.17,39449.26,43784.83,0
493,TRANSFER,8791.84,39039.72,30247.88,28963.32,37755.16,0
494,CASH_OUT,10888.63,58637.68,47749.05,30053.71,40942.34,0
495,PAYMENT,13578.63,53055.45,39476.82,8281.42,21860.05,0
496,CASH_IN,15418.77,89119.61,73700.84,7722.99,23141.76,0
497,TRANSFER,34702.91,38512.12,3809.21,3585.59,38288.5,1
498,PAYMENT,4671.27,11024.73,6353.46,26554.27,31225.54,0
499,DEBIT,2977.74,56409.16,53431.42,8367.99,11345.73,0
500,CASH_OUT,3651.82,53659.36,50007.54,4965.11,8616.93,0
501,CASH_OUT,3161.75,39410.69,36248.94,1167.6,4329.35,0
502,CASH_IN,13338.09,29635.23,16297.14,5806.95,19145.04,0
503,CASH_IN,10648.33,47926.64,37278.31,49742.9,60391.23,0
504,CASH_IN,14202.19,29552.14,15349.95,19474.09,33676.28,0
505,DEBIT,23428.62,98030.79,74602.17,26612.88,50041.5,0
506,CASH_IN,18400.93,83531.35,65130.42,15116.66,33517.59,0
507,CASH_OUT,4708.93,18539.92,13830.99,33869.37,38578.3,0
508,CASH_OUT,9767.3,56213.17,46445.87,29023.38,38790.68,0
509,CASH_OUT,6495.72,15901.63,9405.91,10365.45,16861.17,0
510,CASH_OUT,27480.75,88151.16,60670.41,28468.87,55949.62,0
511,CASH_IN,5435.91,73350.98,67915.07,42627.89,48063.8,0
512,CASH_OUT,4186.27,14104.87,9918.6,29956.03,34142.3,0
513,DEBIT,1777.75,4760.17,2982.42,27466.12,29243.87,0
514,DEBIT,823.14,47211.43,46388.29,48480.39,49303.53,0
515,TRANSFER,23720.59,98117.75,74397.16,43177.38,66897.97,0
516,TRANSFER,12974.56,49650.4,36675.84,28135.58,41110.14,0
517,CASH_OUT,12711.08,51616.27,38905.19,28863.95,41575.03,0
518,CASH_OUT,17111.03,41350.84,24239.81,38226.39,55337.42,0
519,CASH_IN,23992.58,48171.85,24179.27,2973.58,26966.16,0
520,CASH_OUT,75181.9,84849.92,9668.02,15594.95,90776.85,1
521,CASH_IN,16148.77,51532.82,35384.05,46319.13,62467.9,0
522,TRANSFER,3838.79,4024.4,185.61,6721.76,10560.55,1
523,DEBIT,11246.71,80639.28,69392.57,10535.25,21781.96,0
524,CASH_OUT,33771.29,99784.26,66012.97,41423.46,75194.75,0
525,CASH_OUT,30885.48,74049.08,43163.6,37023.81,67909.29,0
526,CASH_IN,33328.42,82370.74,49042.32,44221.21,77549.63,0
527,PAYMENT,10182.19,72591.8,62409.61,34370.32,44552.51,0
528,TRANSFER,33572.27,35533.23,1960.96,28852.03,62424.3,1
529,CASH_IN,24972.55,95556.41,70583.86,14978.28,39950.83,0
530,TRANSFER,28165.14,79657.04,51491.9,2511.3,30676.44,0
531,CASH_IN,7082.12,67018.59,59936.47,43170.04,50252.16,0
532,CASH_OUT,931.74,3180.67,2248.93,42111.54,43043.28,0
533,CASH_IN,472.87,4333.25,3860.38,20806.07,21278.94,0
534,PAYMENT,31323.36,72259.35,40935.99,22697.34,54020.7,0
535,DEBIT,16864.59,64071.99,47207.4,23158.64,40023.23,0
536,CASH_IN,22268.02,80591.89,58323.87,26008.49,48276.51,0
537,TRANSFER,3239.84,40743.12,37503.28,44099.61,47339.45,0
538,CASH_OUT,5616.72,27883.16,22266.44,5137.41,10754.13,0
539,CASH_IN,785.81,5638.34,4852.53,35348.82,36134.63,0
540,TRANSFER,8044.42,47229.83,39185.41,47022.43,55066.85,0
541,DEBIT,2003.42,11087.35,9083.93,13519.66,15523.08,0
542,DEBIT,26132.42,57609.11,31476.69,47149.19,73281.61,0
543,DEBIT,3944.26,67838.87,63894.61,2114.59,6058.85,0
544,DEBIT,22399.16,63638.48,41239.32,218.16,22617.32,0
545,CASH_IN,8022.04,87675.61,79653.57,13921.97,21944.01,0
546,DEBIT,10521.04,70551.51,60030.47,5268.25,15789.29,0
547,DEBIT,5246.59,99947.16,94700.57,24928.54,30175.13,0
548,PAYMENT,2679.05,48120.81,45441.76,31721.21,34400.26,0
549,PAYMENT,2375.32,6183.15,3807.83,20825.22,23200.54,0
550,TRANSFER,7230.18,21987.41,14757.23,23614.09,30844.27,0
551,PAYMENT,30098.47,79827.82,49729.35,1796.93,31895.4,0
552,DEBIT,11704.17,74121.15,62416.98,32241.63,43945.8,0
553,PAYMENT,12815.72,89131.29,76315.57,18389.3,31205.02,0
554,TRANSFER,2747.19,54836.77,52089.58,34402.22,37149.41,0
555,TRANSFER,189.93,2913.44,2723.51,20682.13,20872.06,0
556,PAYMENT,12101.12,90700.52,78599.4,36242.82,48343.94,0
557,TRANSFER,17749.48,52384.2,34634.72,15593.19,33342.67,0
558,PAYMENT,25673.46,52608.31,26934.85,6277.51,31950.97,0
559,TRANSFER,33745.1,38875.45,5130.35,13279.14,47024.24,1
560,TRANSFER,32319.54,34838.57,2519.03,17404.78,49724.32,1
561,CASH_OUT,18275.98,66637.73,48361.75,43962.76,62238.74,0
562,CASH_OUT,25203.44,83146.55,57943.11,14557.21,39760.65,0
563,CASH_OUT,1027.24,30988.66,29961.42,11411.77,12439.01,0
564,DEBIT,1438.62,47866.69,46428.07,33582.11,35020.73,0
565,PAYMENT,6553.12,24676.72,18123.6,32547.87,39100.99,0
566,DEBIT,7993.59,77915.87,69922.28,36281.36,44274.95,0
567,PAYMENT,24464.96,62618.95,38153.99,28914.92,53379.88,0
568,CASH_IN,24111.39,53199.25,29087.86,8194.05,32305.44,0
569,PAYMENT,16136.66,35174.03,19037.37,14525.23,30661.89,0
570,PAYMENT,23918.38,69309.97,45391.59,46530.34,70448.72,0
571,PAYMENT,3051.3,45319.67,42268.37,47896.71,50948.01,0
572,CASH_IN,45689.93,94958.05,49268.12,31045.43,76735.36,0
573,TRANSFER,4979.21,55139.1,50159.89,22929.9,27909.11,0
574,CASH_IN,21837.86,48652.0,26814.14,33717.45,55555.31,0
575,CASH_OUT,33948.44,79521.14,45572.7,12098.86,46047.3,0
576,DEBIT,47349.25,95191.55,47842.3,35586.14,82935.39,0
577,PAYMENT,5212.95,22692.63,17479.68,45969.37,51182.32,0
578,TRANSFER,9336.36,98136.61,88800.25,39629.76,48966.12,0
579,TRANSFER,13864.5,70132.8,56268.3,47644.84,61509.34,0
580,CASH_IN,33078.1,85567.97,52489.87,15500.0,48578.1,0
581,CASH_OUT,5458.28,66993.45,61535.17,28254.27,33712.55,0
582,DEBIT,19.84,2198.21,2178.37,17851.47,17871.31,0
583,TRANSFER,1867.25,80670.56,78803.31,40403.96,42271.21,0
584,CASH_OUT,3218.81,26128.29,22909.48,20138.22,23357.03,0
585,CASH_IN,1846.12,12731.76,10885.64,19891.83,21737.95,0
586,CASH_OUT,12815.92,49972.84,37156.92,24077.47,36893.39,0
587,DEBIT,34750.5,75672.23,40921.73,47546.43,82296.93,0
588,PAYMENT,9917.95,78967.36,69049.41,28203.7,38121.65,0
589,DEBIT,38291.85,84879.9,46588.05,43867.78,82159.63,0
590,TRANSFER,31630.21,84141.8,52511.59,11434.72,43064.93,0
591,TRANSFER,7684.99,68275.44,60590.45,21569.03,29254.02,0
592,CASH_OUT,7075.66,43322.68,36247.02,41982.98,49058.64,0
593,TRANSFER,18747.43,89363.26,70615.83,39018.28,57765.71,0
594,TRANSFER,6288.79,21263.33,14974.54,9306.79,15595.58,0
595,DEBIT,11659.9,63968.2,52308.3,14762.09,26421.99,0
596,PAYMENT,16840.51,41531.8,24691.29,41791.3,58631.81,0
597,TRANSFER,13690.4,77616.72,63926.32,41239.39,54929.79,0
598,PAYMENT,7686.24,54370.36,46684.12,21261.41,28947.65,0
599,CASH_IN,10.45,76789.13,76778.68,20828.29,20838.74,0
600,CASH_IN,7287.3,72589.7,65302.4,10178.92,17466.22,0
601,TRANSFER,20424.94,23811.25,3386.31,9555.94,29980.88,1
602,CASH_OUT,24723.19,66641.67,41918.48,42421.27,67144.46,0
603,TRANSFER,36693.61,89708.04,53014.43,12640.68,49334.29,0
604,PAYMENT,17013.0,37723.16,20710.16,40334.68,57347.68,0
605,CASH_IN,4100.45,54704.63,50604.18,19034.48,23134.93,0
606,TRANSFER,5966.87,71222.76,65255.89,39031.59,44998.46,0
607,CASH_OUT,15235.8,63214.97,47979.17,18085.51,33321.31,0
608,PAYMENT,3887.01,13864.2,9977.19,39036.59,42923.6,0
609,CASH_OUT,17520.44,37558.8,20038.36,41375.32,58895.76,0
610,CASH_OUT,4923.45,80548.29,75624.84,6256.26,11179.71,0
611,PAYMENT,11354.63,28133.09,16778.46,9762.03,21116.66,0
612,DEBIT,41917.81,97874.02,55956.21,35058.49,76976.3,0
613,CASH_IN,23518.27,94761.98,71243.71,19025.89,42544.16,0
614,DEBIT,501.66,39051.15,38549.49,41949.87,42451.53,0
615,CASH_OUT,56747.62,61975.28,5227.66,11748.67,68496.29,1
616,CASH_OUT,18948.76,70913.13,51964.37,27036.73,45985.49,0
617,CASH_IN,31111.18,72126.94,41015.76,8962.78,40073.96,0
618,CASH_OUT,10810.64,95294.24,84483.6,43967.05,54777.69,0
619,DEBIT,9958.82,62877.89,52919.07,40820.54,50779.36,0
620,CASH_OUT,41837.88,85217.35,43379.47,31399.67,73237.55,0
621,DEBIT,202.85,19504.53,19301.68,19534.11,19736.96,0
622,DEBIT,10447.05,62507.95,52060.9,36634.95,47082.0,0
623,CASH_OUT,1529.35,36229.62,34700.27,16673.13,18202.48,0
624,CASH_OUT,1240.57,6601.98,5361.41,47222.43,48463.0,0
625,CASH_OUT,23669.89,78741.61,55071.72,49518.09,73187.98,0
626,TRANSFER,535.46,91558.38,91022.92,22505.83,23041.29,0
627,TRANSFER,5509.58,97096.98,91587.4,20180.05,25689.63,0
628,TRANSFER,6001.76,58636.14,52634.38,25985.21,31986.97,0
629,CASH_OUT,5156.3,21327.96,16171.66,13426.69,18582.99,0
630,TRANSFER,4995.29,69288.11,64292.82,29767.98,34763.27,0
631,DEBIT,1409.96,30431.79,29021.83,29952.23,31362.19,0
632,TRANSFER,217.42,27472.8,27255.38,48250.77,48468.19,0
633,TRANSFER,15332.19,45617.96,30285.77,29177.85,44510.04,0
634,CASH_OUT,26057.46,60169.16,34111.7,47336.69,73394.15,0
635,TRANSFER,6572.33,61613.56,55041.23,46952.85,53525.18,0
636,TRANSFER,60384.16,70412.82,10028.66,31374.33,91758.49,1
637,PAYMENT,25679.88,54657.02,28977.14,11024.18,36704.06,0
638,TRANSFER,7972.18,74201.41,66229.23,33249.73,41221.91,0
639,CASH_OUT,2043.35,43924.7,41881.35,37419.22,39462.57,0
640,DEBIT,35254.27,86270.64,51016.37,25636.32,60890.59,0
641,CASH_OUT,18205.12,59355.94,41150.82,31884.41,50089.53,0
642,DEBIT,6935.29,21198.44,14263.15,40918.48,47853.77,0
643,DEBIT,300.7,2360.81,2060.11,10720.32,11021.02,0
644,TRANSFER,1655.32,7190.1,5534.78,36636.67,38291.99,0
645,CASH_OUT,11150.99,59885.52,48734.53,16651.74,27802.73,0
646,CASH_OUT,7069.47,49856.6,42787.13,39338.48,46407.95,0
647,PAYMENT,12880.37,26082.36,13201.99,14574.79,27455.16,0
648,PAYMENT,26934.36,92155.89,65221.53,26916.6,53850.96,0
649,DEBIT,39385.83,91610.46,52224.63,1750.4,41136.23,0
650,TRANSFER,7880.59,63394.47,55513.88,35273.04,43153.63,0
651,DEBIT,3904.68,53967.52,50062.84,39199.37,43104.05,0
652,CASH_OUT,6069.68,60285.69,54216.01,29511.63,35581.31,0
653,CASH_OUT,23001.64,49618.48,26616.84,5269.66,28271.3,0
654,TRANSFER,19159.97,41468.95,22308.98,5594.03,24754.0,0
655,PAYMENT,6439.32,19379.02,12939.7,44084.53,50523.85,0
656,DEBIT,18203.52,45173.92,26970.4,398.22,18601.74,0
657,CASH_OUT,13925.18,51985.56,38060.38,17844.3,31769.48,0
658,DEBIT,36186.67,87390.94,51204.27,10803.01,46989.68,0
659,CASH_IN,5916.05,33347.51,27431.46,25281.71,31197.76,0
660,PAYMENT,14702.89,32542.29,17839.4,3882.04,18584.93,0
661,PAYMENT,29119.42,86022.86,56903.44,41895.42,71014.84,0
662,CASH_OUT,288.38,42037.09,41748.71,14797.14,15085.52,0
663,CASH_IN,13949.7,72470.99,58521.29,24468.82,38418.52,0
664,CASH_IN,26425.96,72155.22,45729.26,25746.67,52172.63,0
665,PAYMENT,7291.19,35177.77,27886.58,36620.69,43911.88,0
666,TRANSFER,1909.0,36072.86,34163.86,11118.07,13027.07,0
667,DEBIT,2661.64,31789.25,29127.61,12186.47,14848.11,0
668,DEBIT,28413.56,57619.31,29205.75,20736.79,49150.35,0
669,PAYMENT,18998.02,54549.6,35551.58,35107.3,54105.32,0
670,TRANSFER,9141.74,33427.66,24285.92,28770.47,37912.21,0
671,TRANSFER,60701.23,69966.1,9264.87,16860.33,77561.56,1
672,TRANSFER,2964.07,51716.19,48752.12,38240.05,41204.12,0
673,TRANSFER,10754.4,51272.7,40518.3,906.2,11660.6,0
674,PAYMENT,13810.83,67651.4,53840.57,44280.99,58091.82,0
675,TRANSFER,139.99,26073.97,25933.98,36172.18,36312.17,0
676,PAYMENT,20561.96,47040.47,26478.51,10171.82,30733.78,0
677,PAYMENT,13694.63,53626.16,39931.53,41029.94,54724.57,0
678,CASH_OUT,481.9,2323.4,1841.5,32388.71,32870.61,0
679,CASH_OUT,7034.37,7630.39,596.02,9086.16,16120.53,1
680,DEBIT,27003.48,55012.93,28009.45,22523.93,49527.41,0
681,DEBIT,27879.4,99721.05,71841.65,16058.11,43937.51,0
682,CASH_OUT,13292.22,70956.79,57664.57,18474.1,31766.32,0
683,CASH_OUT,17640.16,92999.55,75359.39,41568.39,59208.55,0
684,PAYMENT,615.8,1526.03,910.23,38640.48,39256.28,0
685,PAYMENT,12472.68,58520.49,46047.81,27401.62,39874.3,0
686,TRANSFER,566.4,76091.69,75525.29,10362.11,10928.51,0
687,CASH_OUT,1745.11,17818.22,16073.11,44520.48,46265.59,0
688,PAYMENT,8045.29,26564.87,18519.58,21658.16,29703.45,0
689,TRANSFER,18438.47,58301.87,39863.4,7823.84,26262.31,0
690,CASH_IN,13825.77,71564.99,57739.22,29425.25,43251.02,0
691,CASH_IN,4737.81,22276.35,17538.54,45391.93,50129.74,0
692,PAYMENT,3943.48,58882.14,54938.66,22192.96,26136.44,0
693,PAYMENT,9669.33,27922.66,18253.33,13203.1,22872.43,0
694,CASH_IN,4471.32,33126.67,28655.35,9546.33,14017.65,0
695,CASH_IN,27110.38,65816.2,38705.82,3157.01,30267.39,0
696,DEBIT,22955.82,46690.77,23734.95,39335.42,62291.24,0
697,DEBIT,8104.9,37466.37,29361.47,1557.45,9662.35,0
698,CASH_IN,10721.81,88039.39,77317.58,27866.86,38588.67,0
699,TRANSFER,16863.42,78593.47,61730.05,10053.26,26916.68,0
700,CASH_IN,14740.84,44205.54,29464.7,4716.37,19457.21,0
701,PAYMENT,1962.89,58093.54,56130.65,4745.9,6708.79,0
702,CASH_OUT,37434.37,93423.54,55989.17,33712.94,71147.31,0
703,TRANSFER,22307.85,24908.15,2600.3,15905.22,38213.07,1
704,CASH_OUT,14376.81,36682.26,22305.45,28309.03,42685.84,0
705,CASH_IN,182.22,23969.8,23787.58,38217.67,38399.89,0
706,DEBIT,2033.68,4854.86,2821.18,30976.31,33009.99,0
707,CASH_IN,25412.29,86578.89,61166.6,29047.52,54459.81,0
708,CASH_OUT,15844.05,44787.09,28943.04,19461.52,35305.57,0
709,CASH_OUT,16493.08,86972.67,70479.59,18574.3,35067.38,0
710,CASH_OUT,10519.2,47459.24,36940.04,24707.38,35226.58,0
711,TRANSFER,21296.94,71794.92,50497.98,2667.4,23964.34,0
712,TRANSFER,15927.21,36880.7,20953.49,5503.16,21430.37,0
713,DEBIT,17460.21,50535.59,33075.38,34856.79,52317.0,0
714,TRANSFER,20908.64,55914.08,35005.44,40512.93,61421.57,0
715,DEBIT,1509.14,5191.89,3682.75,22645.55,24154.69,0
716,TRANSFER,1130.09,2895.34,1765.25,30484.87,31614.96,0
717,DEBIT,15785.35,46032.37,30247.02,45510.65,61296.0,0
718,TRANSFER,3142.75,40786.83,37644.08,28630.36,31773.11,0
719,DEBIT,3252.65,8777.23,5524.58,4745.42,7998.07,0
720,DEBIT,882.63,4142.63,3260.0,4228.27,5110.9,0
721,DEBIT,8768.62,25382.32,16613.7,29838.82,38607.44,0
722,CASH_OUT,8731.91,88723.25,79991.34,36871.3,45603.21,0
723,PAYMENT,1506.89,99726.55,98219.66,44868.29,46375.18,0
724,PAYMENT,19930.37,47035.94,27105.57,3119.7,23050.07,0
725,CASH_IN,39853.4,97558.97,57705.57,42627.37,82480.77,0
726,CASH_OUT,21961.83,55635.84,33674.01,20810.9,42772.73,0
727,CASH_OUT,6377.83,47441.61,41063.78,5048.91,11426.74,0
728,CASH_IN,26336.45,53458.24,27121.79,8301.09,34637.54,0
729,DEBIT,11401.04,28558.48,17157.44,16312.7,27713.74,0
730,DEBIT,15148.44,82835.22,67686.78,17684.83,32833.27,0
731,DEBIT,8836.52,21840.19,13003.67,7346.1,16182.62,0
732,TRANSFER,29366.05,83102.11,53736.06,30860.94,60226.99,0
733,TRANSFER,3685.84,51045.37,47359.53,31199.92,34885.76,0
734,PAYMENT,22013.99,44732.9,22718.91,19785.4,41799.39,0
735,CASH_IN,9733.82,42442.12,32708.3,36250.3,45984.12,0
736,CASH_OUT,32942.95,99185.52,66242.57,9962.3,42905.25,0
737,CASH_IN,44012.59,98955.66,54943.07,18573.36,62585.95,0
738,TRANSFER,15622.75,47615.87,31993.12,27978.94,43601.69,0
739,DEBIT,15812.58,36778.97,20966.39,20340.24,36152.82,0
740,DEBIT,10846.7,42198.39,31351.69,45164.9,56011.6,0
741,PAYMENT,5219.94,18373.67,13153.73,28965.72,34185.66,0
742,DEBIT,45243.18,97053.3,51810.12,37080.13,82323.31,0
743,DEBIT,7418.55,17364.93,9946.38,24538.25,31956.8,0
744,CASH_IN,16232.31,58084.79,41852.48,18558.48,34790.79,0
745,CASH_OUT,41996.28,93950.6,51954.32,16874.02,58870.3,0
746,CASH_IN,6995.37,79796.71,72801.34,33638.23,40633.6,0
747,CASH_IN,10934.65,87533.11,76598.46,13162.37,24097.02,0
748,CASH_OUT,72035.11,79466.89,7431.78,11602.79,83637.9,1
749,PAYMENT,1686.29,35770.72,34084.43,24306.52,25992.81,0
750,CASH_IN,28830.32,94521.91,65691.59,46226.12,75056.44,0
751,CASH_IN,11042.37,47338.84,36296.47,38028.78,49071.15,0
752,TRANSFER,19568.24,76282.01,56713.77,35204.16,54772.4,0
753,TRANSFER,16713.62,40388.7,23675.08,8535.42,25249.04,0
754,CASH_IN,1781.62,5499.8,3718.18,11337.06,13118.68,0
755,DEBIT,12906.71,51475.55,38568.84,2512.15,15418.86,0
756,PAYMENT,39663.68,85445.22,45781.54,49819.91,89483.59,0
757,CASH_OUT,5404.9,45454.84,40049.94,2480.72,7885.62,0
758,PAYMENT,8610.63,61223.63,52613.0,8674.8,17285.43,0
759,TRANSFER,14949.29,39817.26,24867.97,6274.31,21223.6,0
760,TRANSFER,19258.43,68061.92,48803.49,46457.24,65715.67,0
761,TRANSFER,12175.77,32486.91,20311.14,21555.62,33731.39,0
762,PAYMENT,4183.47,24208.13,20024.66,1505.19,5688.66,0
763,CASH_OUT,19139.0,64072.38,44933.38,32669.17,51808.17,0
764,DEBIT,40237.28,84962.81,44725.53,44242.76,84480.04,0
765,TRANSFER,15530.73,91380.17,75849.44,22780.96,38311.69,0
766,PAYMENT,22083.84,70918.37,48834.53,49505.44,71589.28,0
767,CASH_OUT,2368.63,15083.27,12714.64,42476.71,44845.34,0
768,PAYMENT,8701.65,93612.97,84911.32,18625.45,27327.1,0
769,DEBIT,2086.34,17323.59,15237.25,35506.63,37592.97,0
770,CASH_IN,11345.49,45224.74,33879.25,12332.93,23678.42,0
771,TRANSFER,29326.91,90571.87,61244.96,13652.03,42978.94,0
772,CASH_IN,5821.56,12364.9,6543.34,39210.31,45031.87,0
773,PAYMENT,13717.03,66688.84,52971.81,20120.31,33837.34,0
774,DEBIT,11218.17,75988.98,64770.81,14942.86,26161.03,0
775,PAYMENT,34432.18,73241.48,38809.3,30189.85,64622.03,0
776,DEBIT,4731.61,12869.22,8137.61,26572.75,31304.36,0
777,TRANSFER,9152.19,30694.26,21542.07,21692.2,30844.39,0
778,PAYMENT,7041.94,39621.9,32579.96,2262.46,9304.4,0
779,DEBIT,3108.34,58560.29,55451.95,43650.97,46759.31,0
780,CASH_OUT,11685.43,41674.85,29989.42,47132.96,58818.39,0
781,CASH_OUT,4202.65,80297.09,76094.44,28842.87,33045.52,0
782,CASH_OUT,10536.14,98076.25,87540.11,3361.71,13897.85,0
783,PAYMENT,21680.41,70270.82,48590.41,43173.29,64853.7,0
784,TRANSFER,29614.63,79159.74,49545.11,28062.78,57677.41,0
785,DEBIT,12779.72,98373.15,85593.43,48486.18,61265.9,0
786,TRANSFER,167.36,5984.6,5817.24,34600.56,34767.92,0
787,CASH_IN,7818.65,61783.06,53964.41,28881.59,36700.24,0
788,CASH_IN,2867.05,74772.77,71905.72,44794.21,47661.26,0
789,PAYMENT,3508.58,33489.77,29981.19,4234.42,7743.0,0
790,CASH_IN,9327.46,84249.96,74922.5,19049.56,28377.02,0
791,CASH_IN,8975.89,39076.5,30100.61,15164.29,24140.18,0
792,CASH_IN,31953.81,93441.19,61487.38,26578.61,58532.42,0
793,CASH_IN,3987.42,31868.41,27880.99,32708.01,36695.43,0
794,DEBIT,20250.63,56656.69,36406.06,3422.52,23673.15,0
795,CASH_OUT,1717.97,77583.64,75865.67,34666.76,36384.73,0
796,DEBIT,11198.14,55515.67,44317.53,41682.2,52880.34,0
797,CASH_IN,19955.37,44379.49,24424.12,48113.07,68068.44,0
798,DEBIT,14163.11,41904.08,27740.97,32907.99,47071.1,0
799,DEBIT,827.17,56076.47,55249.3,45362.45,46189.62,0
800,TRANSFER,7762.25,17652.16,9889.91,27852.03,35614.28,0
801,CASH_OUT,4228.66,26971.95,22743.29,41824.92,46053.58,0
802,DEBIT,29145.54,91725.63,62580.09,31491.03,60636.57,0
803,TRANSFER,702.02,32167.76,31465.74,39048.19,39750.21,0
804,TRANSFER,6058.01,82622.68,76564.67,41646.49,47704.5,0
805,TRANSFER,1325.98,24477.3,23151.32,38406.41,39732.39,0
806,TRANSFER,20473.67,84577.02,64103.35,25704.77,46178.44,0
807,DEBIT,9864.03,22305.24,12441.21,27970.27,37834.3,0
808,CASH_OUT,47252.96,97857.12,50604.16,19757.76,67010.72,0
809,CASH_IN,35223.53,85861.97,50638.44,22028.68,57252.21,0
810,CASH_OUT,17941.05,45985.91,28044.86,49881.14,67822.19,0
811,PAYMENT,6655.16,43667.41,37012.25,9904.78,16559.94,0
812,CASH_IN,3546.82,23044.93,19498.11,27322.93,30869.75,0
813,DEBIT,3939.56,13919.63,9980.07,22112.61,26052.17,0
814,TRANSFER,1839.63,9328.64,7489.01,5012.28,6851.91,0
815,CASH_OUT,52244.79,60642.49,8397.7,11749.71,63994.5,1
816,CASH_IN,4127.93,31155.63,27027.7,13994.63,18122.56,0
817,PAYMENT,1086.31,42543.11,41456.8,1969.59,3055.9,0
818,TRANSFER,31419.62,85937.55,54517.93,47337.8,78757.42,0
819,CASH_OUT,640.38,31336.85,30696.47,29417.61,30057.99,0
820,TRANSFER,1912.34,7126.68,5214.34,28303.58,30215.92,0
821,DEBIT,17974.9,43186.0,25211.1,40282.44,58257.34,0
822,DEBIT,38106.67,81913.23,43806.56,4768.05,42874.72,0
823,CASH_IN,9060.68,63019.24,53958.56,13987.3,23047.98,0
824,CASH_IN,33095.85,87192.75,54096.9,36376.46,69472.31,0
825,DEBIT,4859.2,16975.37,12116.17,40271.62,45130.82,0
826,DEBIT,20256.27,55194.07,34937.8,17327.94,37584.21,0
827,TRANSFER,124.27,6611.36,6487.09,19595.53,19719.8,0
828,CASH_IN,12398.52,25405.47,13006.95,17240.88,29639.4,0
829,DEBIT,736.23,13089.04,12352.81,32405.25,33141.48,0
830,PAYMENT,4088.13,14969.65,10881.52,5279.58,9367.71,0
831,CASH_OUT,12316.74,36686.98,24370.24,13532.2,25848.94,0
832,TRANSFER,11360.98,45008.3,33647.32,5864.01,17224.99,0
833,CASH_OUT,25206.15,58202.9,32996.75,14471.98,39678.13,0
834,TRANSFER,9827.66,44001.79,34174.13,30938.6,40766.26,0
835,CASH_IN,6078.67,43532.66,37453.99,6458.72,12537.39,0
836,TRANSFER,6706.71,52836.45,46129.74,23547.5,30254.21,0
837,PAYMENT,25599.64,65557.21,39957.57,39573.18,65172.82,0
838,DEBIT,712.92,11181.42,10468.5,48957.58,49670.5,0
839,CASH_IN,1099.21,14372.93,13273.72,44478.83,45578.04,0
840,PAYMENT,19730.64,68570.71,48840.07,21453.12,41183.76,0
841,PAYMENT,659.75,2820.23,2160.48,47153.09,47812.84,0
842,PAYMENT,8239.31,65571.3,57331.99,32521.26,40760.57,0
843,PAYMENT,1924.06,85095.19,83171.13,36707.56,38631.62,0
844,TRANSFER,12310.11,59820.04,47509.93,6319.32,18629.43,0
845,CASH_OUT,8863.14,9078.27,215.13,24135.67,32998.81,1
846,CASH_OUT,4834.31,55266.38,50432.07,14796.6,19630.91,0
847,TRANSFER,2668.36,5991.26,3322.9,28844.06,31512.42,0
848,CASH_IN,362.77,7870.01,7507.24,30045.6,30408.37,0
849,TRANSFER,2963.92,41252.46,38288.54,35735.94,38699.86,0
850,CASH_IN,35700.65,90126.15,54425.5,33818.05,69518.7,0
851,TRANSFER,7431.17,58538.35,51107.18,37816.71,45247.88,0
852,CASH_IN,21081.42,66521.62,45440.2,29673.07,50754.49,0
853,TRANSFER,32223.24,33029.51,806.27,6368.47,38591.71,1
854,DEBIT,21311.64,92501.17,71189.53,24948.56,46260.2,0
855,CASH_OUT,14873.32,40800.69,25927.37,38991.04,53864.36,0
856,PAYMENT,385.94,2349.77,1963.83,27717.83,28103.77,0
857,CASH_IN,27105.09,95805.53,68700.44,25723.07,52828.16,0
858,PAYMENT,13002.3,39020.22,26017.92,49441.78,62444.08,0
859,PAYMENT,1563.9,32176.93,30613.03,8844.85,10408.75,0
860,CASH_OUT,23438.4,53655.3,30216.9,49778.45,73216.85,0
861,PAYMENT,7791.26,32682.7,24891.44,15915.2,23706.46,0
862,DEBIT,10809.63,68536.98,57727.35,6660.5,17470.13,0
863,CASH_OUT,4013.84,66995.09,62981.25,28632.14,32645.98,0
864,DEBIT,21469.23,43167.83,21698.6,4625.02,26094.25,0
865,CASH_IN,511.26,3543.27,3032.01,22151.69,22662.95,0
866,CASH_OUT,1291.13,20428.33,19137.2,48174.0,49465.13,0
867,TRANSFER,4245.68,30509.49,26263.81,38575.6,42821.28,0
868,CASH_OUT,16055.43,58973.18,42917.75,11687.04,27742.47,0
869,CASH_OUT,24418.39,93321.91,68903.52,13589.33,38007.72,0
870,DEBIT,9659.25,31469.32,21810.07,44896.76,54556.01,0
871,CASH_OUT,6450.05,14433.14,7983.09,3731.92,10181.97,0
872,DEBIT,6951.48,19803.68,12852.2,27823.23,34774.71,0
873,CASH_IN,19572.71,53441.68,33868.97,46205.39,65778.1,0
874,CASH_IN,11688.28,70508.64,58820.36,33783.15,45471.43,0
875,PAYMENT,10442.97,67934.4,57491.43,18501.23,28944.2,0
876,CASH_IN,3781.56,12924.29,9142.73,48466.09,52247.65,0
877,CASH_IN,8755.34,34591.22,25835.88,8096.15,16851.49,0
878,PAYMENT,666.73,11527.39,10860.66,47052.41,47719.14,0
879,PAYMENT,8152.01,42067.74,33915.73,32984.51,41136.52,0
880,DEBIT,9180.93,40297.85,31116.92,20748.02,29928.95,0
881,PAYMENT,7239.53,95502.03,88262.5,23870.81,31110.34,0
882,CASH_IN,5214.53,12009.67,6795.14,14868.08,20082.61,0
883,DEBIT,6282.74,17103.42,10820.68,10441.55,16724.29,0
884,PAYMENT,943.56,5154.44,4210.88,4929.71,5873.27,0
885,CASH_OUT,8020.85,30251.32,22230.47,33919.59,41940.44,0
886,PAYMENT,5968.36,40234.95,34266.59,7173.47,13141.83,0
887,CASH_OUT,11610.82,37783.1,26172.28,26183.17,37793.99,0
888,PAYMENT,3337.57,83015.43,79677.86,23841.94,27179.51,0
889,DEBIT,10890.99,78563.49,67672.5,47044.01,57935.0,0
890,TRANSFER,16093.49,98787.2,82693.71,19706.8,35800.29,0
891,CASH_OUT,15133.5,52112.05,36978.55,46796.86,61930.36,0
892,PAYMENT,6197.17,15764.94,9567.77,30896.58,37093.75,0
893,CASH_IN,265.91,2277.82,2011.91,28344.64,28610.55,0
894,TRANSFER,12339.83,64751.7,52411.87,2728.27,15068.1,0
895,CASH_OUT,17479.62,46473.81,28994.19,45276.94,62756.56,0
896,TRANSFER,4462.25,44673.9,40211.65,13223.59,17685.84,0
897,TRANSFER,26135.76,82767.3,56631.54,39220.27,65356.03,0
898,CASH_OUT,25933.85,95836.64,69902.79,30254.48,56188.33,0
899,PAYMENT,5330.5,57589.16,52258.66,2979.35,8309.85,0
900,TRANSFER,12163.77,29053.04,16889.27,27149.91,39313.68,0
901,CASH_IN,167.38,2221.76,2054.38,37114.68,37282.06,0
902,CASH_OUT,1212.11,6063.87,4851.76,25585.37,26797.48,0
903,TRANSFER,3895.61,15387.34,11491.73,3102.07,6997.68,0
904,CASH_IN,10045.94,99463.62,89417.68,12905.2,22951.14,0
905,TRANSFER,5239.32,19342.41,14103.09,32278.61,37517.93,0
906,CASH_OUT,13482.14,59332.25,45850.11,22578.28,36060.42,0
907,PAYMENT,845.09,13567.5,12722.41,25928.08,26773.17,0
908,PAYMENT,2369.34,6851.48,4482.14,36439.31,38808.65,0
909,CASH_IN,1439.92,10022.92,8583.0,33619.49,35059.41,0
910,DEBIT,13262.07,64540.13,51278.06,24482.2,37744.27,0
911,DEBIT,658.36,58382.29,57723.93,49427.0,50085.36,0
912,TRANSFER,21985.04,60336.61,38351.57,15768.19,37753.23,0
913,CASH_IN,462.68,17780.91,17318.23,30876.46,31339.14,0
914,TRANSFER,13104.89,55145.96,42041.07,46121.71,59226.6,0
915,TRANSFER,20445.97,63146.8,42700.83,42187.75,62633.72,0
916,TRANSFER,36364.88,87556.43,51191.55,11232.87,47597.75,0
917,CASH_OUT,22728.07,74228.61,51500.54,833.79,23561.86,0
918,DEBIT,15411.0,73356.16,57945.16,28917.99,44328.99,0
919,CASH_OUT,708.57,7729.36,7020.79,47859.85,48568.42,0
920,CASH_OUT,15716.32,46504.82,30788.5,30930.51,46646.83,0
921,DEBIT,13444.36,67870.15,54425.79,6650.49,20094.85,0
922,CASH_IN,2813.43,43971.17,41157.74,20454.26,23267.69,0
923,CASH_OUT,16273.67,67252.68,50979.01,20919.48,37193.15,0
924,CASH_OUT,4351.57,35635.58,31284.01,32795.17,37146.74,0
925,CASH_OUT,6044.11,57458.41,51414.3,37113.57,43157.68,0
926,CASH_OUT,44700.89,47829.72,3128.83,13058.12,57759.01,1
927,CASH_IN,4102.07,41827.9,37725.83,25658.75,29760.82,0
928,PAYMENT,1860.9,14185.03,12324.13,20954.97,22815.87,0
929,PAYMENT,3052.47,19092.37,16039.9,20775.7,23828.17,0
930,CASH_IN,892.49,73726.22,72833.73,29241.39,30133.88,0
931,CASH_IN,2189.19,47693.3,45504.11,31284.1,33473.29,0
932,CASH_IN,1708.21,13412.16,11703.95,32104.33,33812.54,0
933,PAYMENT,24908.22,86304.82,61396.6,44532.92,69441.14,0
934,CASH_OUT,24785.07,81031.09,56246.02,14787.38,39572.45,0
935,TRANSFER,2547.14,18897.73,16350.59,9932.23,12479.37,0
936,TRANSFER,13121.72,44163.52,31041.8,29482.67,42604.39,0
937,PAYMENT,407.5,9075.92,8668.42,8591.47,8998.97,0
938,DEBIT,435.84,58318.79,57882.95,18018.77,18454.61,0
939,DEBIT,21838.28,65288.5,43450.22,39932.79,61771.07,0
940,CASH_OUT,19864.08,56183.09,36319.01,33128.4,52992.48,0
941,TRANSFER,784.6,81791.83,81007.23,36795.9,37580.5,0
942,PAYMENT,2177.58,88095.49,85917.91,11554.04,13731.62,0
943,CASH_IN,494.13,1092.01,597.88,1230.9,1725.03,0
944,CASH_IN,8113.68,67814.43,59700.75,37902.02,46015.7,0
945,TRANSFER,31849.6,68367.47,36517.87,31018.56,62868.16,0
946,CASH_IN,14193.25,93519.84,79326.59,39094.55,53287.8,0
947,PAYMENT,2641.21,16036.73,13395.52,2723.3,5364.51,0
948,PAYMENT,21051.95,73201.67,52149.72,10340.89,31392.84,0
949,TRANSFER,1616.73,15575.48,13958.75,15663.32,17280.05,0
950,CASH_OUT,443.03,1674.66,1231.63,46075.67,46518.7,0
951,PAYMENT,14146.44,37652.99,23506.55,44849.76,58996.2,0
952,PAYMENT,21211.88,66113.9,44902.02,1278.49,22490.37,0
953,CASH_OUT,4064.56,25605.44,21540.88,40441.32,44505.88,0
954,CASH_IN,36867.12,86011.11,49143.99,38232.55,75099.67,0
955,TRANSFER,32272.79,94557.38,62284.59,16580.84,48853.63,0
956,CASH_OUT,3100.38,51546.47,48446.09,15603.2,18703.58,0
957,CASH_IN,6949.42,14592.7,7643.28,16441.13,23390.55,0
958,CASH_OUT,38484.37,81382.68,42898.31,15645.98,54130.35,0
959,PAYMENT,29498.38,98669.75,69171.37,4098.29,33596.67,0
960,CASH_OUT,7390.07,87431.27,80041.2,2681.74,10071.81,0
961,CASH_OUT,1003.19,22553.54,21550.35,9726.75,10729.94,0
962,TRANSFER,5243.35,55342.05,50098.7,36019.2,41262.55,0
963,PAYMENT,19322.62,46628.94,27306.32,41478.14,60800.76,0
964,CASH_OUT,28201.45,84046.53,55845.08,34851.21,63052.66,0
965,PAYMENT,2175.28,31119.94,28944.66,30600.43,32775.71,0
966,TRANSFER,2727.19,5672.47,2945.28,33958.13,36685.32,0
967,CASH_OUT,27344.99,63333.21,35988.22,6614.4,33959.39,0
968,CASH_IN,89.11,14786.15,14697.04,27212.87,27301.98,0
969,DEBIT,4575.22,53228.8,48653.58,8372.99,12948.21,0
970,CASH_IN,1340.47,42170.27,40829.8,19837.75,21178.22,0
971,CASH_IN,19845.07,66651.48,46806.41,20757.28,40602.35,0
972,CASH_IN,36673.63,81944.71,45271.08,42662.12,79335.75,0
973,CASH_OUT,5954.57,46344.83,40390.26,37605.72,43560.29,0
974,TRANSFER,11673.68,74889.93,63216.25,42282.68,53956.36,0
975,CASH_OUT,663.43,6418.54,5755.11,20934.76,21598.19,0
976,PAYMENT,14324.31,55828.52,41504.21,14069.65,28393.96,0
977,CASH_IN,445.92,12915.99,12470.07,36201.46,36647.38,0
978,PAYMENT,10907.4,70850.71,59943.31,12108.73,23016.13,0
979,CASH_OUT,22466.97,62511.73,40044.76,5530.18,27997.15,0
980,TRANSFER,608.98,6329.22,5720.24,1947.89,2556.87,0
981,TRANSFER,16916.0,45768.05,28852.05,34325.7,51241.7,0
982,PAYMENT,37363.47,86283.12,48919.65,495.53,37859.0,0
983,TRANSFER,1913.84,4732.07,2818.23,16036.23,17950.07,0
984,TRANSFER,26937.11,54301.1,27363.99,42876.53,69813.64,0
985,CASH_IN,23158.53,53931.43,30772.9,16294.07,39452.6,0
986,CASH_OUT,1270.92,2809.23,1538.31,3432.43,4703.35,0
987,PAYMENT,3919.6,14565.07,10645.47,9246.01,13165.61,0
988,PAYMENT,6234.35,29844.75,23610.4,18843.34,25077.69,0
989,DEBIT,29859.88,80978.7,51118.82,26852.07,56711.95,0
990,TRANSFER,4547.67,30467.38,25919.71,16020.06,20567.73,0
991,CASH_OUT,3962.9,63855.76,59892.86,3526.78,7489.68,0
992,CASH_IN,2262.95,5231.22,2968.27,5933.03,8195.98,0
993,PAYMENT,10940.03,25449.16,14509.13,8440.5,19380.53,0
994,TRANSFER,19879.42,51666.27,31786.85,46739.78,66619.2,0
995,PAYMENT,39474.76,80495.15,41020.39,30296.31,69771.07,0
996,TRANSFER,7543.73,38328.34,30784.61,27227.77,34771.5,0
997,CASH_OUT,6845.77,70392.6,63546.83,22360.05,29205.82,0
998,PAYMENT,5063.9,64907.9,59844.0,27352.27,32416.17,0
999,TRANSFER,2130.93,22830.37,20699.44,47540.93,49671.86,0
1000,DEBIT,35633.07,96991.98,61358.91,34979.83,70612.9,0
1001,CASH_OUT,6703.56,94830.19,88126.63,38175.79,44879.35,0
1002,CASH_IN,10961.73,34916.52,23954.79,9600.8,20562.53,0
1003,PAYMENT,19980.26,53579.84,33599.58,41297.05,61277.31,0
1004,CASH_OUT,1318.13,7834.66,6516.53,15685.16,17003.29,0
1005,TRANSFER,4686.95,15702.17,11015.22,40719.2,45406.15,0
1006,PAYMENT,20890.87,43173.75,22282.88,32888.27,53779.14,0
1007,DEBIT,21057.23,60493.6,39436.37,18125.1,39182.33,0
1008,PAYMENT,4747.32,20122.84,15375.52,23625.77,28373.09,0
1009,TRANSFER,15178.59,88484.71,73306.12,34193.51,49372.1,0
1010,CASH_OUT,30963.29,32294.03,1330.74,18019.7,48982.99,1
1011,PAYMENT,669.11,8977.5,8308.39,14898.86,15567.97,0
1012,CASH_IN,16898.7,85043.46,68144.76,12277.53,29176.23,0
1013,DEBIT,7501.3,92679.9,85178.6,48291.62,55792.92,0
1014,CASH_OUT,5504.27,24781.72,19277.45,14118.4,19622.67,0
1015,PAYMENT,1699.75,20350.34,18650.59,45824.46,47524.21,0
1016,PAYMENT,5129.85,89133.43,84003.58,191.86,5321.71,0
1017,CASH_OUT,1011.28,6396.68,5385.4,24959.95,25971.23,0
1018,CASH_OUT,2350.38,9623.82,7273.44,34570.8,36921.18,0
1019,PAYMENT,11018.57,45040.39,34021.82,17582.49,28601.06,0
1020,PAYMENT,6602.99,30623.97,24020.98,15609.59,22212.58,0
1021,PAYMENT,15444.49,84998.71,69554.22,39696.76,55141.25,0
1022,DEBIT,34100.86,80704.63,46603.77,19752.67,53853.53,0
1023,TRANSFER,1398.72,7188.19,5789.47,29171.08,30569.8,0
1024,DEBIT,7292.21,19455.56,12163.35,27284.8,34577.01,0
1025,PAYMENT,18129.81,75112.26,56982.45,10801.57,28931.38,0
1026,CASH_IN,12322.7,40181.99,27859.29,40280.11,52602.81,0
1027,TRANSFER,18738.7,52979.88,34241.18,12608.64,31347.34,0
1028,TRANSFER,11064.85,51586.1,40521.25,2689.1,13753.95,0
1029,CASH_OUT,58051.3,66667.76,8616.46,36908.41,94959.71,1
1030,CASH_OUT,17434.88,49743.87,32308.99,42777.56,60212.44,0
1031,CASH_OUT,11294.08,34822.47,23528.39,3422.04,14716.12,0
1032,TRANSFER,13647.81,33456.44,19808.63,29865.62,43513.43,0
1033,CASH_OUT,15072.52,34660.43,19587.91,4406.72,19479.24,0
1034,CASH_OUT,9376.43,68358.06,58981.63,41383.76,50760.19,0
1035,CASH_IN,17157.2,53999.43,36842.23,9824.35,26981.55,0
1036,CASH_IN,31393.96,75053.59,43659.63,35216.77,66610.73,0
1037,CASH_IN,21018.79,44104.24,23085.45,35962.26,56981.05,0
1038,DEBIT,2713.36,10178.77,7465.41,41082.08,43795.44,0
1039,CASH_OUT,8251.25,30974.74,22723.49,28220.83,36472.08,0
1040,CASH_IN,25283.53,71035.2,45751.67,44917.76,70201.29,0
1041,CASH_OUT,35192.86,92337.77,57144.91,29585.85,64778.71,0
1042,CASH_OUT,619.39,49233.99,48614.6,12440.95,13060.34,0
1043,TRANSFER,8861.64,34109.81,25248.17,9877.8,18739.44,0
1044,DEBIT,2058.54,9411.66,7353.12,32915.37,34973.91,0
1045,CASH_IN,5530.78,80706.57,75175.79,3485.97,9016.75,0
1046,PAYMENT,12335.05,33460.52,21125.47,1835.65,14170.7,0
1047,DEBIT,1756.84,85369.03,83612.19,2483.07,4239.91,0
1048,CASH_OUT,4597.54,9454.9,4857.36,25900.52,30498.06,0
1049,PAYMENT,1637.7,43485.8,41848.1,5308.02,6945.72,0
1050,TRANSFER,5130.02,20300.87,15170.85,38437.36,43567.38,0
1051,TRANSFER,18675.55,47159.07,28483.52,20115.35,38790.9,0
1052,CASH_IN,19766.77,72188.49,52421.72,47188.91,66955.68,0
1053,PAYMENT,12317.39,39932.89,27615.5,43039.95,55357.34,0
1054,TRANSFER,5356.75,33910.24,28553.49,5331.18,10687.93,0
1055,TRANSFER,20371.9,41019.92,20648.02,43427.85,63799.75,0
1056,PAYMENT,21196.62,60478.42,39281.8,14260.29,35456.91,0
1057,CASH_IN,3001.17,29714.36,26713.19,13260.43,16261.6,0
1058,DEBIT,2610.92,92539.54,89928.62,24281.71,26892.63,0
1059,CASH_IN,561.77,17295.33,16733.56,15869.44,16431.21,0
1060,CASH_OUT,4187.72,11134.34,6946.62,45311.68,49499.4,0
1061,TRANSFER,11562.02,38321.63,26759.61,3985.75,15547.77,0
1062,TRANSFER,14747.78,85244.24,70496.46,1760.76,16508.54,0
1063,PAYMENT,18141.36,41235.24,23093.88,32434.15,50575.51,0
1064,CASH_IN,4415.43,27883.5,23468.07,42248.54,46663.97,0
1065,DEBIT,10234.34,67963.44,57729.1,9202.24,19436.58,0
1066,PAYMENT,7550.56,21694.67,14144.11,47210.44,54761.0,0
1067,CASH_IN,3514.18,47387.14,43872.96,49232.72,52746.9,0
1068,CASH_OUT,8135.11,21149.95,13014.84,21275.28,29410.39,0
1069,CASH_IN,152.42,32472.56,32320.14,19106.65,19259.07,0
1070,PAYMENT,2584.44,9583.95,6999.51,45661.48,48245.92,0
1071,CASH_OUT,6658.72,14235.87,7577.15,37571.17,44229.89,0
1072,TRANSFER,17346.18,36976.99,19630.81,13778.34,31124.52,0
1073,PAYMENT,35674.14,76766.31,41092.17,10240.12,45914.26,0
1074,CASH_IN,4914.92,40513.48,35598.56,10174.4,15089.32,0
1075,TRANSFER,964.14,5652.26,4688.12,20257.43,21221.57,0
1076,CASH_IN,19139.12,44018.57,24879.45,9032.88,28172.0,0
1077,PAYMENT,12591.46,33295.83,20704.37,19687.76,32279.22,0
1078,CASH_IN,3654.98,25011.88,21356.9,46215.48,49870.46,0
1079,TRANSFER,4037.15,47956.56,43919.41,17739.86,21777.01,0
1080,CASH_OUT,25024.11,86691.55,61667.44,33701.89,58726.0,0
1081,TRANSFER,66028.86,70408.66,4379.8,12820.65,78849.51,1
1082,CASH_OUT,22251.08,51934.47,29683.39,23343.9,45594.98,0
1083,PAYMENT,34568.51,79982.66,45414.15,22844.4,57412.91,0
1084,DEBIT,18195.53,48070.9,29875.37,34456.05,52651.58,0
1085,TRANSFER,1679.19,48575.43,46896.24,27485.86,29165.05,0
1086,DEBIT,8760.39,21195.47,12435.08,27884.43,36644.82,0
1087,DEBIT,6398.35,31826.81,25428.46,25137.51,31535.86,0
1088,CASH_OUT,3012.42,31185.41,28172.99,6453.56,9465.98,0
1089,DEBIT,9811.72,97352.83,87541.11,477.17,10288.89,0
1090,CASH_OUT,16137.83,94052.51,77914.68,49406.2,65544.03,0
1091,CASH_IN,1400.26,6195.69,4795.43,12737.44,14137.7,0
1092,CASH_OUT,3289.07,52633.55,49344.48,48070.73,51359.8,0
1093,CASH_IN,217.58,8842.1,8624.52,972.4,1189.98,0
1094,DEBIT,13066.97,60983.78,47916.81,1355.33,14422.3,0
1095,PAYMENT,3685.78,12081.52,8395.74,28421.6,32107.38,0
1096,DEBIT,9390.19,48221.36,38831.17,44371.23,53761.42,0
1097,TRANSFER,23281.85,49253.22,25971.37,2861.83,26143.68,0
1098,DEBIT,6393.45,45829.66,39436.21,47943.59,54337.04,0
1099,TRANSFER,15762.54,33108.56,17346.02,41182.28,56944.82,0
1100,CASH_IN,1867.6,6441.66,4574.06,4128.61,5996.21,0
1101,CASH_IN,6675.92,51535.55,44859.63,15822.86,22498.78,0
1102,CASH_IN,17023.09,47750.42,30727.33,19645.47,36668.56,0
1103,PAYMENT,291.46,91049.94,90758.48,40534.18,40825.64,0
1104,TRANSFER,25837.16,96113.88,70276.72,709.83,26546.99,0
1105,DEBIT,8013.61,75121.15,67107.54,43358.87,51372.48,0
1106,PAYMENT,4294.47,88378.93,84084.46,2785.34,7079.81,0
1107,DEBIT,2508.89,84656.21,82147.32,13583.21,16092.1,0
1108,CASH_IN,25748.27,52001.54,26253.27,30567.08,56315.35,0
1109,CASH_OUT,3442.92,17875.79,14432.87,17347.95,20790.87,0
1110,DEBIT,19428.87,48933.13,29504.26,28824.45,48253.32,0
1111,DEBIT,6649.86,70843.51,64193.65,37529.92,44179.78,0
1112,CASH_OUT,619.28,1899.62,1280.34,25554.69,26173.97,0
1113,CASH_OUT,23229.05,70988.68,47759.63,43626.0,66855.05,0
1114,TRANSFER,1757.86,37832.31,36074.45,22895.01,24652.87,0
1115,CASH_OUT,4494.08,72098.63,67604.55,29979.86,34473.94,0
1116,DEBIT,29028.55,69322.19,40293.64,16149.48,45178.03,0
1117,TRANSFER,18257.66,53083.31,34825.65,13673.73,31931.39,0
1118,DEBIT,5730.9,82353.49,76622.59,37364.88,43095.78,0
1119,TRANSFER,3156.55,32752.62,29596.07,15473.48,18630.03,0
1120,TRANSFER,20423.21,78157.15,57733.94,32051.24,52474.45,0
1121,PAYMENT,21831.92,71882.48,50050.56,4428.92,26260.84,0
1122,TRANSFER,22196.74,60018.12,37821.38,10548.49,32745.23,0
1123,TRANSFER,6559.77,42321.77,35762.0,46891.29,53451.06,0
1124,CASH_OUT,823.68,8193.89,7370.21,17391.12,18214.8,0
1125,TRANSFER,1953.89,13438.71,11484.82,11937.59,13891.48,0
1126,CASH_IN,277.95,72518.73,72240.78,25456.77,25734.72,0
1127,DEBIT,18263.89,87287.0,69023.11,22219.78,40483.67,0
1128,CASH_OUT,6939.33,27412.66,20473.33,38886.4,45825.73,0
1129,CASH_IN,12582.22,36607.88,24025.66,15641.71,28223.93,0
1130,PAYMENT,38616.44,99301.4,60684.96,11291.98,49908.42,0
1131,CASH_OUT,11693.06,76858.3,65165.24,40581.35,52274.41,0
1132,TRANSFER,44763.35,98406.73,53643.38,42589.52,87352.87,0
1133,PAYMENT,20297.0,66569.47,46272.47,45754.92,66051.92,0
1134,CASH_IN,164.55,1205.58,1041.03,25913.99,26078.54,0
1135,CASH_IN,18121.86,57361.19,39239.33,25937.39,44059.25,0
1136,CASH_OUT,6747.83,45477.55,38729.72,46482.48,53230.31,0
1137,DEBIT,4260.8,32958.17,28697.37,23199.27,27460.07,0
1138,PAYMENT,3774.39,46052.49,42278.1,15206.19,18980.58,0
1139,TRANSFER,28305.46,90074.56,61769.1,21932.45,50237.91,0
1140,CASH_IN,10193.18,76712.85,66519.67,40338.68,50531.86,0
1141,TRANSFER,2625.98,64257.34,61631.36,21750.73,24376.71,0
1142,TRANSFER,5891.01,27246.21,21355.2,49952.47,55843.48,0
1143,CASH_OUT,12943.42,49365.7,36422.28,33346.77,46290.19,0
1144,CASH_IN,28344.13,65306.04,36961.91,41409.29,69753.42,0
1145,CASH_OUT,10028.45,32258.6,22230.15,10993.1,21021.55,0
1146,CASH_IN,2755.52,14219.89,11464.37,41057.12,43812.64,0
1147,TRANSFER,14649.87,51192.96,36543.09,46617.41,61267.28,0
1148,TRANSFER,17337.19,34755.24,17418.05,13177.57,30514.76,0
1149,DEBIT,32824.74,65767.83,32943.09,3748.0,36572.74,0
1150,TRANSFER,3068.23,7462.4,4394.17,32315.5,35383.73,0
1151,CASH_OUT,6943.43,54379.92,47436.49,38393.82,45337.25,0
1152,DEBIT,903.93,4954.85,4050.92,41319.52,42223.45,0
1153,TRANSFER,1383.54,6455.05,5071.51,23451.25,24834.79,0
1154,TRANSFER,5625.59,28241.84,22616.25,46573.95,52199.54,0
1155,PAYMENT,32472.95,98123.44,65650.49,40844.51,73317.46,0
1156,TRANSFER,9635.93,71816.91,62180.98,15783.42,25419.35,0
1157,CASH_OUT,76.33,11150.39,11074.06,6984.62,7060.95,0
1158,CASH_IN,10444.17,45454.74,35010.57,3848.46,14292.63,0
1159,TRANSFER,5318.57,25220.85,19902.28,41941.97,47260.54,0
1160,PAYMENT,5350.38,55506.49,50156.11,5093.94,10444.32,0
1161,CASH_IN,1868.57,76243.46,74374.89,42186.44,44055.01,0
1162,PAYMENT,15493.16,53177.97,37684.81,34189.41,49682.57,0
1163,DEBIT,1817.02,19634.99,17817.97,2850.12,4667.14,0
1164,CASH_IN,76.46,2732.32,2655.86,28638.51,28714.97,0
1165,PAYMENT,7761.23,54594.9,46833.67,49738.75,57499.98,0
1166,CASH_IN,23086.35,73787.62,50701.27,29037.8,52124.15,0
1167,CASH_IN,30826.35,89418.26,58591.91,14189.9,45016.25,0
1168,TRANSFER,29169.51,67943.38,38773.87,48136.63,77306.14,0
1169,DEBIT,5754.53,34986.8,29232.27,30112.82,35867.35,0
1170,CASH_IN,27559.04,78364.75,50805.71,41722.91,69281.95,0
1171,CASH_IN,23865.41,50225.69,26360.28,14996.92,38862.33,0
1172,CASH_OUT,95176.94,95839.14,662.2,10495.9,105672.84,1
1173,CASH_OUT,7009.72,22555.16,15545.44,2403.95,9413.67,0
1174,TRANSFER,19063.26,76138.71,57075.45,45589.26,64652.52,0
1175,PAYMENT,11674.89,26084.56,14409.67,28696.46,40371.35,0
1176,PAYMENT,11724.38,75727.92,64003.54,22398.58,34122.96,0
1177,TRANSFER,605.29,1230.02,624.73,45306.88,45912.17,0
1178,CASH_OUT,6005.31,46322.69,40317.38,43937.33,49942.64,0
1179,TRANSFER,7668.83,90791.57,83122.74,48416.35,56085.18,0
1180,DEBIT,5170.04,19832.57,14662.53,23452.99,28623.03,0
1181,DEBIT,806.62,15242.93,14436.31,21147.18,21953.8,0
1182,CASH_OUT,4475.95,13901.72,9425.77,9859.15,14335.1,0
1183,DEBIT,1143.5,9591.51,8448.01,8246.7,9390.2,0
1184,TRANSFER,18350.01,54190.29,35840.28,34133.56,52483.57,0
1185,CASH_IN,1112.85,4861.64,3748.79,44548.69,45661.54,0
1186,PAYMENT,7363.33,43053.55,35690.22,9171.18,16534.51,0
1187,CASH_OUT,65642.31,68879.52,3237.21,12180.74,77823.05,1
1188,CASH_OUT,9917.03,23137.65,13220.62,40855.35,50772.38,0
1189,CASH_IN,9545.43,43584.13,34038.7,15518.54,25063.97,0
1190,TRANSFER,21386.65,45478.18,24091.53,47641.72,69028.37,0
1191,PAYMENT,885.07,26030.9,25145.83,13399.86,14284.93,0
1192,CASH_IN,2993.8,17093.56,14099.76,15786.06,18779.86,0
1193,CASH_IN,7021.74,30656.08,23634.34,4777.96,11799.7,0
1194,CASH_OUT,13291.52,65575.83,52284.31,29802.18,43093.7,0
1195,CASH_IN,26639.85,58380.08,31740.23,8867.57,35507.42,0
1196,CASH_OUT,20002.93,21931.69,1928.76,33944.37,53947.3,1
1197,DEBIT,24338.57,77232.1,52893.53,49424.52,73763.09,0
1198,TRANSFER,2583.42,17209.17,14625.75,5007.75,7591.17,0
1199,CASH_OUT,2766.73,21171.79,18405.06,4626.43,7393.16,0
1200,CASH_OUT,13185.38,63338.68,50153.3,8326.93,21512.31,0
1201,PAYMENT,212.12,2834.59,2622.47,32897.47,33109.59,0
1202,TRANSFER,3850.07,25127.11,21277.04,24156.73,28006.8,0
1203,TRANSFER,6397.55,73455.4,67057.85,18060.8,24458.35,0
1204,CASH_OUT,23643.25,99626.22,75982.97,40802.84,64446.09,0
1205,CASH_OUT,17660.81,39639.26,21978.45,40680.44,58341.25,0
1206,CASH_OUT,13230.99,63371.85,50140.86,7215.6,20446.59,0
1207,DEBIT,10351.03,87479.89,77128.86,10575.34,20926.37,0
1208,DEBIT,27596.48,62576.1,34979.62,47954.21,75550.69,0
1209,PAYMENT,11470.17,66769.6,55299.43,954.96,12425.13,0
1210,CASH_OUT,877.38,2977.32,2099.94,22769.75,23647.13,0
1211,TRANSFER,28106.69,75303.87,47197.18,7275.87,35382.56,0
1212,PAYMENT,9787.58,24068.88,14281.3,29421.56,39209.14,0
1213,CASH_IN,1554.1,44577.85,43023.75,28910.92,30465.02,0
1214,CASH_IN,1056.71,3887.82,2831.11,2645.37,3702.08,0
1215,CASH_IN,11316.39,63053.46,51737.07,49782.26,61098.65,0
1216,PAYMENT,2034.86,13936.59,11901.73,43447.96,45482.82,0
1217,TRANSFER,21152.94,72151.23,50998.29,24618.35,45771.29,0
1218,CASH_IN,10724.15,25783.69,15059.54,23159.97,33884.12,0
1219,DEBIT,17249.14,63522.89,46273.75,6469.03,23718.17,0
1220,TRANSFER,21349.79,93063.62,71713.83,9081.57,30431.36,0
1221,PAYMENT,3519.09,17292.04,13772.95,46329.27,49848.36,0
1222,TRANSFER,2565.51,13397.77,10832.26,1411.44,3976.95,0
1223,PAYMENT,15431.74,71774.95,56343.21,15322.12,30753.86,0
1224,CASH_OUT,9079.97,25299.99,16220.02,38841.07,47921.04,0
1225,CASH_IN,3522.04,89354.44,85832.4,16545.74,20067.78,0
1226,CASH_OUT,26791.04,53797.53,27006.49,40026.81,66817.85,0
1227,DEBIT,9932.69,21472.97,11540.28,18305.66,28238.35,0
1228,CASH_OUT,132.31,34512.18,34379.87,34012.53,34144.84,0
1229,TRANSFER,31873.95,98045.86,66171.91,37101.12,68975.07,0
1230,CASH_IN,9681.0,62632.15,52951.15,18436.26,28117.26,0
1231,PAYMENT,5260.94,12460.24,7199.3,6965.12,12226.06,0
1232,DEBIT,21947.42,48903.85,26956.43,45388.06,67335.48,0
1233,DEBIT,9093.19,22345.37,13252.18,10855.16,19948.35,0
1234,CASH_IN,14106.25,29625.88,15519.63,2493.01,16599.26,0
1235,PAYMENT,5617.33,28080.66,22463.33,49143.01,54760.34,0
1236,CASH_OUT,116.11,15163.13,15047.02,28342.92,28459.03,0
1237,CASH_IN,557.34,82443.09,81885.75,27100.76,27658.1,0
1238,CASH_IN,2791.93,8149.11,5357.18,25161.02,27952.95,0
1239,PAYMENT,5121.11,15788.78,10667.67,8619.32,13740.43,0
1240,DEBIT,2571.91,61170.07,58598.16,32153.05,34724.96,0
1241,TRANSFER,7990.38,63056.46,55066.08,40184.67,48175.05,0
1242,CASH_IN,9664.2,93507.6,83843.4,36751.31,46415.51,0
1243,TRANSFER,27409.72,67257.31,39847.59,13033.76,40443.48,0
1244,TRANSFER,4264.28,85759.21,81494.93,4536.04,8800.32,0
1245,DEBIT,4956.87,13761.36,8804.49,5058.28,10015.15,0
1246,CASH_OUT,31490.75,90383.93,58893.18,4832.03,36322.78,0
1247,PAYMENT,30708.81,76551.86,45843.05,19255.31,49964.12,0
1248,CASH_IN,2909.58,13583.94,10674.36,8043.01,10952.59,0
1249,CASH_IN,2908.63,11473.86,8565.23,40731.25,43639.88,0
1250,PAYMENT,6604.7,36787.23,30182.53,26463.37,33068.07,0
1251,CASH_IN,11756.9,49805.29,38048.39,24515.62,36272.52,0
1252,TRANSFER,27664.13,59202.33,31538.2,36303.07,63967.2,0
1253,CASH_OUT,16062.63,60852.84,44790.21,27872.05,43934.68,0
1254,CASH_IN,4486.09,11520.32,7034.23,8526.9,13012.99,0
1255,PAYMENT,730.74,4480.77,3750.03,27205.43,27936.17,0
1256,DEBIT,10273.88,30550.82,20276.94,16438.01,26711.89,0
1257,PAYMENT,6941.02,50254.13,43313.11,36550.52,43491.54,0
1258,CASH_IN,653.86,3093.83,2439.97,38793.25,39447.11,0
1259,PAYMENT,43371.87,94585.4,51213.53,29171.31,72543.18,0
1260,PAYMENT,9016.93,20621.44,11604.51,17626.46,26643.39,0
1261,CASH_OUT,5750.79,90685.26,84934.47,8925.99,14676.78,0
1262,TRANSFER,9627.94,20402.04,10774.1,48824.48,58452.42,0
1263,DEBIT,7416.81,54937.64,47520.83,35119.94,42536.75,0
1264,DEBIT,19314.87,73135.07,53820.2,10104.05,29418.92,0
1265,CASH_OUT,40094.25,99946.61,59852.36,39336.15,79430.4,0
1266,CASH_OUT,2281.02,15975.16,13694.14,18798.56,21079.58,0
1267,TRANSFER,3189.39,20304.68,17115.29,31027.84,34217.23,0
1268,TRANSFER,5136.16,12089.16,6953.0,26642.36,31778.52,0
1269,TRANSFER,5139.31,11731.64,6592.33,39158.0,44297.31,0
1270,TRANSFER,756.63,3719.59,2962.96,49678.91,50435.54,0
1271,DEBIT,1380.33,54481.51,53101.18,3145.37,4525.7,0
1272,PAYMENT,26980.07,74591.94,47611.87,6802.81,33782.88,0
1273,DEBIT,742.15,92394.22,91652.07,36496.18,37238.33,0
1274,DEBIT,10070.15,49406.14,39335.99,49328.47,59398.62,0
1275,TRANSFER,7125.85,30959.7,23833.85,13966.97,21092.82,0
1276,TRANSFER,453.71,88670.38,88216.67,44120.46,44574.17,0
1277,TRANSFER,9667.05,32562.91,22895.86,10505.89,20172.94,0
1278,DEBIT,4776.09,39562.09,34786.0,784.8,5560.89,0
1279,CASH_OUT,5379.26,15417.24,10037.98,32140.33,37519.59,0
1280,CASH_OUT,4544.53,64228.59,59684.06,46031.41,50575.94,0
1281,CASH_OUT,2879.28,8179.71,5300.43,20126.32,23005.6,0
1282,TRANSFER,4716.81,9951.48,5234.67,12927.86,17644.67,0
1283,TRANSFER,26969.7,79105.57,52135.87,44437.62,71407.32,0
1284,DEBIT,13805.3,35720.27,21914.97,40158.53,53963.83,0
1285,TRANSFER,6385.5,15989.63,9604.13,35361.42,41746.92,0
1286,DEBIT,508.91,5675.26,5166.35,47795.16,48304.07,0
1287,DEBIT,11469.51,39633.62,28164.11,45567.09,57036.6,0
1288,TRANSFER,7746.39,97235.85,89489.46,17707.71,25454.1,0
1289,CASH_IN,2476.69,22335.77,19859.08,36460.55,38937.24,0
1290,CASH_OUT,5100.76,61064.9,55964.14,39871.03,44971.79,0
1291,DEBIT,25030.18,56127.03,31096.85,14358.24,39388.42,0
1292,TRANSFER,11175.98,40632.66,29456.68,30979.13,42155.11,0
1293,PAYMENT,20911.33,88399.49,67488.16,25984.25,46895.58,0
1294,TRANSFER,21144.81,84411.28,63266.47,49071.07,70215.88,0
1295,DEBIT,11238.96,64184.22,52945.26,46418.63,57657.59,0
1296,PAYMENT,40252.76,83718.48,43465.72,38754.09,79006.85,0
1297,PAYMENT,8246.76,84524.37,76277.61,41343.39,49590.15,0
1298,CASH_OUT,1384.91,7181.98,5797.07,22222.05,23606.96,0
1299,PAYMENT,21158.77,43779.51,22620.74,22610.76,43769.53,0
1300,CASH_OUT,34632.46,96478.79,61846.33,49631.28,84263.74,0
1301,CASH_OUT,1494.0,35668.47,34174.47,36227.9,37721.9,0
1302,CASH_OUT,775.98,70616.78,69840.8,31559.4,32335.38,0
1303,CASH_IN,7030.4,38242.86,31212.46,26297.33,33327.73,0
1304,PAYMENT,21530.57,88975.57,67445.0,36421.12,57951.69,0
1305,PAYMENT,33794.69,93407.9,59613.21,28859.33,62654.02,0
1306,TRANSFER,24355.15,68815.6,44460.45,17999.62,42354.77,0
1307,TRANSFER,10604.59,67198.42,56593.83,34129.96,44734.55,0
1308,PAYMENT,1695.04,4719.06,3024.02,26904.73,28599.77,0
1309,TRANSFER,658.98,10345.35,9686.37,20721.7,21380.68,0
1310,CASH_IN,3638.02,29341.71,25703.69,32261.88,35899.9,0
1311,CASH_OUT,33329.67,80770.63,47440.96,43410.15,76739.82,0
1312,PAYMENT,13769.26,27556.79,13787.53,8766.71,22535.97,0
1313,CASH_OUT,52594.43,57353.79,4759.36,22375.01,74969.44,1
1314,TRANSFER,31850.42,94556.69,62706.27,3244.96,35095.38,0
1315,PAYMENT,17192.67,54618.1,37425.43,12845.71,30038.38,0
1316,PAYMENT,27622.98,83190.09,55567.11,16918.39,44541.37,0
1317,CASH_OUT,19050.92,53051.26,34000.34,29072.7,48123.62,0
1318,TRANSFER,26755.96,89093.8,62337.84,26502.62,53258.58,0
1319,TRANSFER,84336.87,89313.83,4976.96,27862.59,112199.46,1
1320,CASH_IN,17821.24,83485.97,65664.73,32436.76,50258.0,0
1321,PAYMENT,34497.58,69646.68,35149.1,13894.56,48392.14,0
1322,DEBIT,29368.75,85838.06,56469.31,44122.06,73490.81,0
1323,DEBIT,31719.85,96061.59,64341.74,26135.47,57855.32,0
1324,CASH_OUT,26251.25,30625.59,4374.34,17611.55,43862.8,1
1325,PAYMENT,2096.23,13435.95,11339.72,44296.11,46392.34,0
1326,TRANSFER,10775.45,79936.34,69160.89,44372.08,55147.53,0
1327,TRANSFER,5884.99,26965.16,21080.17,7845.13,13730.12,0
1328,PAYMENT,8145.51,27560.43,19414.92,36072.46,44217.97,0
1329,PAYMENT,20144.78,52004.03,31859.25,28107.24,48252.02,0
1330,PAYMENT,41737.52,95487.86,53750.34,35397.05,77134.57,0
1331,CASH_OUT,6551.27,66024.71,59473.44,7200.16,13751.43,0
1332,PAYMENT,2017.19,7296.54,5279.35,42054.81,44072.0,0
1333,PAYMENT,1066.45,4252.81,3186.36,30030.33,31096.78,0
1334,CASH_IN,855.18,41165.73,40310.55,17364.42,18219.6,0
1335,DEBIT,41928.01,88436.11,46508.1,24337.55,66265.56,0
1336,CASH_IN,1923.81,54273.98,52350.17,46701.65,48625.46,0
1337,TRANSFER,18105.09,45459.26,27354.17,27353.15,45458.24,0
1338,DEBIT,3063.98,52196.06,49132.08,26408.89,29472.87,0
1339,CASH_OUT,11404.06,63357.37,51953.31,20290.6,31694.66,0
1340,TRANSFER,20814.35,49747.77,28933.42,8183.78,28998.13,0
1341,CASH_IN,6290.09,30593.69,24303.6,10884.99,17175.08,0
1342,CASH_IN,18359.46,89240.08,70880.62,7261.25,25620.71,0
1343,CASH_IN,846.52,20916.35,20069.83,23722.66,24569.18,0
1344,CASH_OUT,63912.92,66181.56,2268.64,45756.94,109669.86,1
1345,TRANSFER,9554.2,92393.7,82839.5,43705.46,53259.66,0
1346,CASH_OUT,5986.19,51339.42,45353.23,42266.5,48252.69,0
1347,PAYMENT,1859.72,16413.57,14553.85,10589.91,12449.63,0
1348,CASH_IN,33158.85,90867.33,57708.48,36773.18,69932.03,0
1349,CASH_IN,10007.15,85978.57,75971.42,5775.29,15782.44,0
1350,TRANSFER,1067.24,8465.81,7398.57,33465.77,34533.01,0
1351,TRANSFER,5765.88,61090.34,55324.46,40248.34,46014.22,0
1352,DEBIT,25648.66,52383.15,26734.49,34818.12,60466.78,0
1353,TRANSFER,27993.88,74616.65,46622.77,15864.45,43858.33,0
1354,PAYMENT,702.92,1841.06,1138.14,35650.71,36353.63,0
1355,CASH_IN,12798.69,29038.69,16240.0,29682.43,42481.12,0
1356,TRANSFER,4507.89,58116.68,53608.79,17809.7,22317.59,0
1357,CASH_IN,11254.99,65944.13,54689.14,37375.65,48630.64,0
1358,PAYMENT,3866.6,8772.48,4905.88,3893.95,7760.55,0
1359,DEBIT,17701.0,38246.71,20545.71,25152.19,42853.19,0
1360,TRANSFER,3223.45,74216.76,70993.31,33457.71,36681.16,0
1361,CASH_OUT,10364.9,72182.92,61818.02,12494.38,22859.28,0
1362,CASH_OUT,16669.89,39017.89,22348.0,37449.95,54119.84,0
1363,DEBIT,11946.6,25947.82,14001.22,29079.44,41026.04,0
1364,PAYMENT,10038.19,94501.91,84463.72,26006.74,36044.93,0
1365,TRANSFER,3702.91,13777.45,10074.54,46828.51,50531.42,0
1366,CASH_OUT,9504.37,76645.46,67141.09,1817.04,11321.41,0
1367,PAYMENT,3861.43,20767.3,16905.87,25084.96,28946.39,0
1368,CASH_IN,25543.89,65534.94,39991.05,38358.54,63902.43,0
1369,TRANSFER,28056.09,80975.31,52919.22,27793.54,55849.63,0
1370,CASH_OUT,22516.19,81961.05,59444.86,46489.59,69005.78,0
1371,PAYMENT,26664.78,90779.79,64115.01,4270.12,30934.9,0
1372,CASH_OUT,21134.35,60596.15,39461.8,4524.82,25659.17,0
1373,CASH_IN,40315.15,89961.09,49645.94,34285.64,74600.79,0
1374,TRANSFER,9072.7,44364.16,35291.46,21445.95,30518.65,0
1375,CASH_OUT,4153.02,25868.01,21714.99,6748.92,10901.94,0
1376,TRANSFER,14771.05,36541.08,21770.03,19402.92,34173.97,0
1377,CASH_IN,12609.78,75922.13,63312.35,37222.11,49831.89,0
1378,PAYMENT,28379.57,64990.15,36610.58,2082.2,30461.77,0
1379,CASH_IN,15997.63,61139.7,45142.07,43723.76,59721.39,0
1380,PAYMENT,10411.18,24085.57,13674.39,15468.43,25879.61,0
1381,TRANSFER,6057.1,40687.33,34630.23,34086.24,40143.34,0
1382,TRANSFER,8634.45,79223.01,70588.56,33851.89,42486.34,0
1383,TRANSFER,24607.19,74347.44,49740.25,17776.49,42383.68,0
1384,TRANSFER,396.91,31147.8,30750.89,195.71,592.62,0
1385,TRANSFER,34047.33,85274.86,51227.53,13358.26,47405.59,0
1386,DEBIT,4464.52,90424.09,85959.57,11603.93,16068.45,0
1387,DEBIT,97.38,13914.69,13817.31,7698.16,7795.54,0
1388,CASH_IN,26401.86,59538.81,33136.95,44442.75,70844.61,0
1389,CASH_IN,2699.13,60010.33,57311.2,16867.95,19567.08,0
1390,PAYMENT,20372.36,85918.65,65546.29,205.31,20577.67,0
1391,CASH_OUT,33347.63,35115.06,1767.43,35439.96,68787.59,1
1392,CASH_IN,11531.49,24574.36,13042.87,8554.3,20085.79,0
1393,DEBIT,27436.22,64290.25,36854.03,36868.65,64304.87,0
1394,PAYMENT,4136.92,8333.42,4196.5,20394.71,24531.63,0
1395,PAYMENT,5160.31,59147.43,53987.12,48144.58,53304.89,0
1396,TRANSFER,14338.21,99921.52,85583.31,14022.75,28360.96,0
1397,CASH_IN,11590.8,29233.47,17642.67,45287.84,56878.64,0
1398,DEBIT,8129.61,61462.45,53332.84,14362.07,22491.68,0
1399,DEBIT,5277.64,63974.46,58696.82,21491.56,26769.2,0
1400,TRANSFER,395.77,2487.23,2091.46,29407.19,29802.96,0
1401,PAYMENT,12258.31,48708.12,36449.81,15796.79,28055.1,0
1402,TRANSFER,36734.12,78055.58,41321.46,43094.02,79828.14,0
1403,CASH_IN,2130.68,33962.7,31832.02,5327.56,7458.24,0
1404,PAYMENT,13082.12,26211.51,13129.39,9396.3,22478.42,0
1405,TRANSFER,376.61,6652.81,6276.2,10969.47,11346.08,0
1406,CASH_OUT,32338.02,79051.55,46713.53,47895.6,80233.62,0
1407,CASH_IN,12514.05,32330.41,19816.36,2603.62,15117.67,0
1408,CASH_OUT,70393.32,80946.09,10552.77,11778.3,82171.62,1
1409,PAYMENT,24350.99,60163.71,35812.72,40007.63,64358.62,0
1410,TRANSFER,10406.56,96611.27,86204.71,40555.23,50961.79,0
1411,TRANSFER,6408.12,13318.99,6910.87,14496.24,20904.36,0
1412,CASH_IN,15429.0,32996.23,17567.23,18166.13,33595.13,0
1413,CASH_OUT,9737.28,67374.22,57636.94,29280.21,39017.49,0
1414,TRANSFER,564.06,12994.39,12430.33,45472.18,46036.24,0
1415,TRANSFER,8043.03,31676.7,23633.67,20062.63,28105.66,0
1416,PAYMENT,20876.32,69292.55,48416.23,5362.34,26238.66,0
1417,PAYMENT,28861.19,91049.08,62187.89,3595.34,32456.53,0
1418,CASH_OUT,9556.62,81641.96,72085.34,10031.6,19588.22,0
1419,PAYMENT,5433.9,18785.47,13351.57,47898.97,53332.87,0
1420,CASH_IN,12374.54,73551.0,61176.46,16430.22,28804.76,0
1421,TRANSFER,4590.23,18883.03,14292.8,35208.78,39799.01,0
1422,TRANSFER,19893.5,21382.84,1489.34,42722.75,62616.25,1
1423,CASH_OUT,33635.14,36463.69,2828.55,32967.87,66603.01,1
1424,CASH_IN,17855.57,93070.53,75214.96,24586.9,42442.47,0
1425,TRANSFER,4981.5,12424.89,7443.39,26469.53,31451.03,0
1426,CASH_IN,401.78,20757.59,20355.81,32168.49,32570.27,0
1427,PAYMENT,11272.06,28134.24,16862.18,18858.94,30131.0,0
1428,DEBIT,9816.36,97807.52,87991.16,10767.96,20584.32,0
1429,CASH_OUT,25467.98,75750.98,50283.0,26560.05,52028.03,0
1430,DEBIT,7474.92,86736.3,79261.38,42525.58,50000.5,0
1431,CASH_OUT,996.68,4916.19,3919.51,32457.7,33454.38,0
1432,TRANSFER,1539.79,32735.76,31195.97,21355.62,22895.41,0
1433,CASH_OUT,1122.92,45123.49,44000.57,28466.73,29589.65,0
1434,CASH_IN,35287.84,81384.81,46096.97,33650.41,68938.25,0
1435,PAYMENT,5234.39,76566.2,71331.81,11433.54,16667.93,0
1436,TRANSFER,11378.91,25051.59,13672.68,4655.36,16034.27,0
1437,DEBIT,9906.73,36622.67,26715.94,33865.03,43771.76,0
1438,CASH_OUT,8203.88,51385.24,43181.36,48448.39,56652.27,0
1439,TRANSFER,1938.38,30516.89,28578.51,42127.73,44066.11,0
1440,DEBIT,2453.12,8487.41,6034.29,32131.4,34584.52,0
1441,DEBIT,16536.43,44168.65,27632.22,41396.25,57932.68,0
1442,PAYMENT,17187.5,67555.98,50368.48,36056.14,53243.64,0
1443,PAYMENT,12804.01,84410.92,71606.91,21472.39,34276.4,0
1444,CASH_IN,11410.56,94743.39,83332.83,11997.45,23408.01,0
1445,DEBIT,19478.79,58393.97,38915.18,45578.84,65057.63,0
1446,PAYMENT,460.23,4841.15,4380.92,41562.29,42022.52,0
1447,PAYMENT,6812.96,39331.14,32518.18,41794.42,48607.38,0
1448,DEBIT,208.41,25623.81,25415.4,8338.21,8546.62,0
1449,CASH_OUT,10469.96,86698.86,76228.9,3926.81,14396.77,0
1450,DEBIT,8730.53,23588.43,14857.9,15486.66,24217.19,0
1451,CASH_IN,14996.85,60776.5,45779.65,2003.45,17000.3,0
1452,PAYMENT,15.97,1288.26,1272.29,40439.65,40455.62,0
1453,PAYMENT,19846.11,45967.23,26121.12,45848.06,65694.17,0
1454,CASH_IN,11503.91,86433.44,74929.53,29540.79,41044.7,0
1455,PAYMENT,7420.11,15910.48,8490.37,19152.94,26573.05,0
1456,PAYMENT,5410.37,79733.5,74323.13,22378.5,27788.87,0
1457,PAYMENT,22515.55,93057.18,70541.63,24522.45,47038.0,0
1458,PAYMENT,12806.34,46057.3,33250.96,20198.81,33005.15,0
1459,TRANSFER,6355.89,29090.81,22734.92,31689.85,38045.74,0
1460,CASH_OUT,4783.39,39421.77,34638.38,46224.71,51008.1,0
1461,DEBIT,1423.31,2925.18,1501.87,11072.54,12495.85,0
1462,DEBIT,18432.12,57823.54,39391.42,27835.46,46267.58,0
1463,DEBIT,10619.44,43843.94,33224.5,32405.11,43024.55,0
1464,TRANSFER,53258.48,62239.93,8981.45,49729.71,102988.19,1
1465,DEBIT,997.72,45779.09,44781.37,15480.04,16477.76,0
1466,CASH_IN,637.37,5322.43,4685.06,44487.45,45124.82,0
1467,TRANSFER,94036.34,99825.17,5788.83,13083.57,107119.91,1
1468,TRANSFER,17627.24,66745.97,49118.73,48472.07,66099.31,0
1469,CASH_IN,18757.46,91910.22,73152.76,9563.87,28321.33,0
1470,DEBIT,2663.37,80633.07,77969.7,34628.64,37292.01,0
1471,CASH_IN,3509.45,13125.66,9616.21,43973.13,47482.58,0
1472,PAYMENT,1116.4,7975.61,6859.21,16225.33,17341.73,0
1473,TRANSFER,15653.41,46626.0,30972.59,8109.17,23762.58,0
1474,TRANSFER,9076.66,91858.11,82781.45,49205.94,58282.6,0
1475,TRANSFER,6281.54,94631.87,88350.33,38733.65,45015.19,0
1476,PAYMENT,27243.78,72275.99,45032.21,10952.96,38196.74,0
1477,PAYMENT,10268.44,31313.4,21044.96,11962.94,22231.38,0
1478,TRANSFER,11423.54,27764.51,16340.97,25916.2,37339.74,0
1479,DEBIT,10868.47,29484.13,18615.66,3505.07,14373.54,0
1480,CASH_IN,24974.64,70231.98,45257.34,2598.3,27572.94,0
1481,DEBIT,12813.81,28316.9,15503.09,40892.53,53706.34,0
1482,CASH_IN,3650.52,75222.85,71572.33,23802.84,27453.36,0
1483,TRANSFER,5481.31,21842.32,16361.01,11681.24,17162.55,0
1484,CASH_IN,7813.33,32165.7,24352.37,23899.98,31713.31,0
1485,TRANSFER,9695.47,38612.5,28917.03,30253.56,39949.03,0
1486,PAYMENT,28783.62,75985.09,47201.47,40488.52,69272.14,0
1487,DEBIT,5356.59,13976.91,8620.32,46622.2,51978.79,0
1488,TRANSFER,3634.09,87623.78,83989.69,45754.17,49388.26,0
1489,CASH_IN,5297.05,26023.82,20726.77,19158.22,24455.27,0
1490,TRANSFER,2399.67,17906.06,15506.39,25455.67,27855.34,0
1491,DEBIT,613.01,11247.78,10634.77,5058.19,5671.2,0
1492,TRANSFER,84682.62,97366.03,12683.41,15113.84,99796.46,1
1493,CASH_IN,4743.69,86073.17,81329.48,47371.4,52115.09,0
1494,PAYMENT,1041.42,44796.98,43755.56,27193.9,28235.32,0
1495,DEBIT,5270.72,15139.59,9868.87,8228.91,13499.63,0
1496,TRANSFER,37185.67,82123.36,44937.69,5988.0,43173.67,0
1497,CASH_OUT,2325.71,82720.37,80394.66,24005.39,26331.1,0
1498,PAYMENT,34747.03,81428.95,46681.92,45717.02,80464.05,0
1499,CASH_OUT,9047.8,32745.61,23697.81,2525.37,11573.17,0
1500,CASH_IN,5774.47,45003.52,39229.05,9520.67,15295.14,0
1501,CASH_IN,12423.38,33350.54,20927.16,3982.7,16406.08,0
1502,DEBIT,8704.01,49001.02,40297.01,16035.61,24739.62,0
1503,TRANSFER,241.61,15597.81,15356.2,3586.59,3828.2,0
1504,CASH_IN,3931.26,10361.08,6429.82,30300.69,34231.95,0
1505,TRANSFER,5001.65,11351.72,6350.07,26374.8,31376.45,0
1506,PAYMENT,7795.57,54943.29,47147.72,47421.26,55216.83,0
1507,CASH_IN,26341.51,96224.62,69883.11,3212.64,29554.15,0
1508,TRANSFER,7763.88,97848.28,90084.4,24373.39,32137.27,0
1509,TRANSFER,25333.98,80360.33,55026.35,14646.26,39980.24,0
1510,PAYMENT,2293.4,5017.99,2724.59,41649.71,43943.11,0
1511,DEBIT,3101.02,40836.96,37735.94,22092.45,25193.47,0
1512,CASH_OUT,1234.37,36895.74,35661.37,49467.48,50701.85,0
1513,TRANSFER,21270.88,44830.86,23559.98,12299.99,33570.87,0
1514,PAYMENT,4254.63,40864.45,36609.82,40670.34,44924.97,0
1515,CASH_IN,7013.51,74076.92,67063.41,28674.59,35688.1,0
1516,PAYMENT,562.06,19650.12,19088.06,4035.42,4597.48,0
1517,DEBIT,9025.86,27581.51,18555.65,26680.85,35706.71,0
1518,DEBIT,14547.8,83139.87,68592.07,21241.43,35789.23,0
1519,CASH_OUT,10842.79,46040.13,35197.34,35332.13,46174.92,0
1520,CASH_IN,448.7,64930.17,64481.47,8108.54,8557.24,0
1521,PAYMENT,37568.3,76286.0,38717.7,47288.74,84857.04,0
1522,TRANSFER,3267.95,24185.71,20917.76,32738.54,36006.49,0
1523,TRANSFER,9062.77,48533.36,39470.59,24662.37,33725.14,0
1524,CASH_IN,3981.61,11464.36,7482.75,25958.15,29939.76,0
1525,TRANSFER,4023.17,30535.44,26512.27,8180.42,12203.59,0
1526,CASH_IN,2654.2,59292.22,56638.02,21549.15,24203.35,0
1527,TRANSFER,24439.22,84292.63,59853.41,30946.76,55385.98,0
1528,CASH_OUT,6222.95,29339.64,23116.69,32493.2,38716.15,0
1529,CASH_OUT,64838.3,74153.9,9315.6,44751.69,109589.99,1
1530,PAYMENT,9655.72,30837.79,21182.07,7527.23,17182.95,0
1531,CASH_IN,15123.55,58922.7,43799.15,24784.54,39908.09,0
1532,PAYMENT,12755.61,60114.55,47358.94,22334.44,35090.05,0
1533,CASH_IN,10727.29,31178.98,20451.69,43197.74,53925.03,0
1534,PAYMENT,3396.76,9505.13,6108.37,9811.71,13208.47,0
1535,TRANSFER,4883.26,65660.54,60777.28,27715.04,32598.3,0
1536,DEBIT,10508.14,31653.55,21145.41,33289.22,43797.36,0
1537,CASH_OUT,4140.37,19157.13,15016.76,40878.27,45018.64,0
1538,CASH_OUT,2494.67,21859.96,19365.29,13980.07,16474.74,0
1539,TRANSFER,17528.46,77757.86,60229.4,37680.51,55208.97,0
1540,CASH_OUT,32098.0,84394.76,52296.76,8410.55,40508.55,0
1541,CASH_IN,20499.84,89368.52,68868.68,33848.84,54348.68,0
1542,CASH_IN,30359.11,99891.57,69532.46,20235.29,50594.4,0
1543,CASH_OUT,42124.11,99633.38,57509.27,30547.97,72672.08,0
1544,DEBIT,7287.76,37971.01,30683.25,41831.01,49118.77,0
1545,PAYMENT,5023.85,29850.1,24826.25,15423.46,20447.31,0
1546,CASH_OUT,43742.48,50219.56,6477.08,27209.16,70951.64,1
1547,CASH_OUT,33514.36,34953.69,1439.33,4052.98,37567.34,1
1548,CASH_IN,14355.7,68187.35,53831.65,48070.88,62426.58,0
1549,DEBIT,40104.52,93399.61,53295.09,34669.1,74773.62,0
1550,DEBIT,3387.56,86250.24,82862.68,3628.74,7016.3,0
1551,DEBIT,19300.48,95314.61,76014.13,25317.53,44618.01,0
1552,PAYMENT,3859.98,13848.51,9988.53,47318.93,51178.91,0
1553,TRANSFER,5268.79,56586.32,51317.53,11218.46,16487.25,0
1554,TRANSFER,25167.77,61337.31,36169.54,14262.22,39429.99,0
1555,TRANSFER,12765.33,78608.93,65843.6,36057.96,48823.29,0
1556,TRANSFER,11071.93,36129.73,25057.8,29268.77,40340.7,0
1557,CASH_IN,5904.42,43323.06,37418.64,19208.04,25112.46,0
1558,CASH_OUT,11368.62,46159.72,34791.1,1831.48,13200.1,0
1559,TRANSFER,12178.26,83245.97,71067.71,43744.86,55923.12,0
1560,DEBIT,8260.77,98932.45,90671.68,2334.24,10595.01,0
1561,DEBIT,29263.76,83134.74,53870.98,47283.68,76547.44,0
1562,DEBIT,22745.86,85703.3,62957.44,12761.62,35507.48,0
1563,CASH_OUT,13558.1,51281.84,37723.74,40530.19,54088.29,0
1564,CASH_OUT,11097.84,63454.25,52356.41,14633.57,25731.41,0
1565,CASH_OUT,2548.51,92067.22,89518.71,41032.08,43580.59,0
1566,CASH_OUT,29622.39,95188.24,65565.85,35335.93,64958.32,0
1567,DEBIT,20898.3,58498.89,37600.59,45832.16,66730.46,0
1568,CASH_OUT,35.7,40039.77,40004.07,6007.96,6043.66,0
1569,PAYMENT,4328.48,38910.8,34582.32,41231.32,45559.8,0
1570,DEBIT,8405.62,20009.61,11603.99,36245.64,44651.26,0
1571,TRANSFER,35988.23,88807.27,52819.04,18715.3,54703.53,0
1572,TRANSFER,9631.59,28826.31,19194.72,8834.12,18465.71,0
1573,PAYMENT,38473.03,91529.73,53056.7,42382.02,80855.05,0
1574,PAYMENT,3437.72,21909.62,18471.9,8942.05,12379.77,0
1575,CASH_OUT,1558.08,4868.79,3310.71,2529.84,4087.92,0
1576,CASH_OUT,19101.41,44365.33,25263.92,28293.15,47394.56,0
1577,CASH_OUT,12051.47,35381.48,23330.01,18643.83,30695.3,0
1578,TRANSFER,33863.89,90216.58,56352.69,24430.25,58294.14,0
1579,TRANSFER,37182.46,88750.5,51568.04,44139.08,81321.54,0
1580,TRANSFER,1775.71,62708.13,60932.42,1194.21,2969.92,0
1581,PAYMENT,5838.06,44391.56,38553.5,8235.89,14073.95,0
1582,DEBIT,16751.43,48868.68,32117.25,38950.27,55701.7,0
1583,TRANSFER,8018.51,8251.31,232.8,40396.9,48415.41,1
1584,CASH_IN,16048.65,67269.16,51220.51,32113.91,48162.56,0
1585,CASH_IN,4851.14,30602.26,25751.12,33561.08,38412.22,0
1586,CASH_IN,30305.44,69587.32,39281.88,17116.7,47422.14,0
1587,CASH_IN,16029.42,32903.78,16874.36,49316.41,65345.83,0
1588,TRANSFER,36264.14,75182.22,38918.08,3678.17,39942.31,0
1589,CASH_OUT,5241.82,18072.19,12830.37,27776.25,33018.07,0
1590,TRANSFER,11691.9,74975.24,63283.34,15311.96,27003.86,0
1591,TRANSFER,5251.72,74096.78,68845.06,44123.51,49375.23,0
1592,PAYMENT,14124.26,68134.13,54009.87,34476.71,48600.97,0
1593,DEBIT,3579.24,71415.32,67836.08,1677.29,5256.53,0
1594,DEBIT,13578.32,79782.89,66204.57,326.27,13904.59,0
1595,PAYMENT,796.54,4309.23,3512.69,11853.52,12650.06,0
1596,CASH_IN,5326.43,15313.39,9986.96,7107.04,12433.47,0
1597,CASH_OUT,25995.03,55851.78,29856.75,267.45,26262.48,0
1598,CASH_IN,2554.45,92905.24,90350.79,21077.71,23632.16,0
1599,CASH_OUT,14429.68,54696.27,40266.59,7056.31,21485.99,0
1600,TRANSFER,32903.24,34815.39,1912.15,45730.82,78634.06,1
1601,DEBIT,4754.12,58403.59,53649.47,33709.88,38464.0,0
1602,CASH_OUT,14053.37,46875.71,32822.34,8563.67,22617.04,0
1603,TRANSFER,5939.6,92220.51,86280.91,22288.94,28228.54,0
1604,DEBIT,14813.96,52420.37,37606.41,33484.2,48298.16,0
1605,TRANSFER,8778.18,89290.2,80512.02,30692.3,39470.48,0
1606,CASH_OUT,23616.97,71618.85,48001.88,31235.03,54852.0,0
1607,CASH_OUT,4026.34,11191.67,7165.33,25194.44,29220.78,0
1608,PAYMENT,14113.82,30556.24,16442.42,11490.32,25604.14,0
1609,CASH_IN,36129.47,80527.15,44397.68,25910.92,62040.39,0
1610,DEBIT,582.59,88041.23,87458.64,47237.5,47820.09,0
1611,CASH_OUT,21365.37,85390.61,64025.24,33945.04,55310.41,0
1612,CASH_IN,4876.31,22712.72,17836.41,32613.2,37489.51,0
1613,CASH_OUT,6652.26,15542.52,8890.26,34045.86,40698.12,0
1614,PAYMENT,300.66,4744.19,4443.53,49317.5,49618.16,0
1615,DEBIT,19191.07,38741.77,19550.7,12380.85,31571.92,0
1616,CASH_OUT,350.22,3070.04,2719.82,2825.78,3176.0,0
1617,PAYMENT,8433.04,46490.72,38057.68,29332.32,37765.36,0
1618,CASH_IN,2517.24,7966.44,5449.2,47661.86,50179.1,0
1619,TRANSFER,23983.98,56116.5,32132.52,46479.15,70463.13,0
1620,DEBIT,2694.81,56508.75,53813.94,10023.45,12718.26,0
1621,DEBIT,1204.02,4540.86,3336.84,33093.92,34297.94,0
1622,PAYMENT,9798.9,47637.29,37838.39,11828.4,21627.3,0
1623,CASH_OUT,19290.83,47004.26,27713.43,30727.05,50017.88,0
1624,TRANSFER,96.67,12727.71,12631.04,15160.98,15257.65,0
1625,DEBIT,7509.13,30279.53,22770.4,21055.95,28565.08,0
1626,CASH_IN,29317.11,66483.33,37166.22,20469.46,49786.57,0
1627,TRANSFER,603.04,1910.89,1307.85,15818.77,16421.81,0
1628,TRANSFER,21448.92,43575.48,22126.56,14887.71,36336.63,0
1629,CASH_OUT,12363.14,75166.62,62803.48,30543.0,42906.14,0
1630,CASH_IN,12725.37,65724.01,52998.64,32361.11,45086.48,0
1631,TRANSFER,12718.86,46265.81,33546.95,44390.88,57109.74,0
1632,CASH_OUT,4300.52,21794.69,17494.17,15830.12,20130.64,0
1633,PAYMENT,20385.13,50853.44,30468.31,22076.7,42461.83,0
1634,DEBIT,44099.87,89753.92,45654.05,19955.47,64055.34,0
1635,CASH_OUT,6434.89,58125.02,51690.13,13455.99,19890.88,0
1636,DEBIT,846.04,5421.46,4575.42,14615.15,15461.19,0
1637,DEBIT,21898.31,49729.4,27831.09,20645.56,42543.87,0
1638,PAYMENT,20800.07,68292.85,47492.78,38449.01,59249.08,0
1639,CASH_IN,2525.58,12262.43,9736.85,32391.85,34917.43,0
1640,DEBIT,5077.29,32284.47,27207.18,31673.21,36750.5,0
1641,CASH_IN,6548.9,77479.74,70930.84,41090.07,47638.97,0
1642,CASH_IN,1835.53,97764.87,95929.34,22255.33,24090.86,0
1643,CASH_IN,10596.28,58940.83,48344.55,23767.95,34364.23,0
1644,TRANSFER,6831.86,65134.41,58302.55,7255.28,14087.14,0
1645,CASH_IN,22914.55,62869.43,39954.88,46595.64,69510.19,0
1646,DEBIT,718.79,17968.43,17249.64,34664.87,35383.66,0
1647,TRANSFER,44045.12,88113.03,44067.91,12203.2,56248.32,0
1648,DEBIT,2083.88,32178.39,30094.51,23423.06,25506.94,0
1649,CASH_IN,1238.56,3589.68,2351.12,30206.53,31445.09,0
1650,CASH_IN,31308.97,98282.59,66973.62,8081.88,39390.85,0
1651,CASH_OUT,16123.72,91570.92,75447.2,20540.45,36664.17,0
1652,TRANSFER,67101.82,71208.89,4107.07,37689.03,104790.85,1
1653,DEBIT,7889.41,48798.2,40908.79,41948.55,49837.96,0
1654,CASH_IN,5003.95,14561.24,9557.29,45664.99,50668.94,0
1655,TRANSFER,1723.2,12563.61,10840.41,10475.96,12199.16,0
1656,PAYMENT,26046.43,70825.36,44778.93,15174.81,41221.24,0
1657,PAYMENT,26249.16,92334.67,66085.51,18186.28,44435.44,0
1658,CASH_IN,3421.23,10142.24,6721.01,2824.17,6245.4,0
1659,PAYMENT,7091.0,64032.6,56941.6,33853.69,40944.69,0
1660,TRANSFER,10958.52,80523.08,69564.56,36147.17,47105.69,0
1661,CASH_OUT,10110.99,34309.66,24198.67,22721.12,32832.11,0
1662,TRANSFER,9431.2,82795.52,73364.32,26221.82,35653.02,0
1663,DEBIT,7938.83,64578.75,56639.92,5463.97,13402.8,0
1664,CASH_OUT,11916.01,27866.76,15950.75,17323.46,29239.47,0
1665,PAYMENT,21781.83,46236.95,24455.12,44392.97,66174.8,0
1666,PAYMENT,3885.29,10974.53,7089.24,1558.75,5444.04,0
1667,CASH_OUT,2516.64,44465.11,41948.47,35294.12,37810.76,0
1668,CASH_IN,13912.01,77606.27,63694.26,9159.91,23071.92,0
1669,DEBIT,5290.81,86147.28,80856.47,21673.18,26963.99,0
1670,CASH_IN,727.4,96599.66,95872.26,24056.28,24783.68,0
1671,PAYMENT,2623.87,21722.86,19098.99,6494.94,9118.81,0
1672,TRANSFER,28708.59,68901.75,40193.16,12497.95,41206.54,0
1673,TRANSFER,9144.0,37604.04,28460.04,15689.11,24833.11,0
1674,PAYMENT,33103.87,74141.34,41037.47,22397.18,55501.05,0
1675,TRANSFER,2853.01,23740.53,20887.52,18630.26,21483.27,0
1676,CASH_IN,25989.58,97631.75,71642.17,45266.09,71255.67,0
1677,CASH_IN,4267.96,75075.14,70807.18,12378.23,16646.19,0
1678,DEBIT,945.9,39496.3,38550.4,40058.58,41004.48,0
1679,CASH_OUT,4289.6,43363.55,39073.95,31332.93,35622.53,0
1680,TRANSFER,15198.55,31216.24,16017.69,33168.13,48366.68,0
1681,CASH_OUT,11624.37,74290.0,62665.63,41340.36,52964.73,0
1682,TRANSFER,33602.77,98944.72,65341.95,49247.52,82850.29,0
1683,TRANSFER,26431.61,26968.19,536.58,11680.45,38112.06,1
1684,TRANSFER,13445.21,56553.96,43108.75,39530.15,52975.36,0
1685,CASH_OUT,19386.83,40228.49,20841.66,26949.04,46335.87,0
1686,TRANSFER,8491.23,42133.85,33642.62,1810.36,10301.59,0
1687,CASH_IN,492.63,3198.08,2705.45,46053.47,46546.1,0
1688,PAYMENT,8378.44,24918.64,16540.2,9837.94,18216.38,0
1689,CASH_OUT,6746.94,18943.78,12196.84,19247.94,25994.88,0
1690,CASH_OUT,6108.21,96315.7,90207.49,21031.51,27139.72,0
1691,CASH_OUT,5776.64,11708.77,5932.13,30967.41,36744.05,0
1692,TRANSFER,7341.85,49152.77,41810.92,31904.64,39246.49,0
1693,PAYMENT,1487.94,73320.95,71833.01,4738.42,6226.36,0
1694,TRANSFER,1178.65,1179.39,0.74,14440.5,15619.15,1
1695,PAYMENT,24368.17,93676.43,69308.26,18240.9,42609.07,0
1696,PAYMENT,4207.03,69824.45,65617.42,11536.71,15743.74,0
1697,CASH_IN,8566.61,29668.69,21102.08,3294.61,11861.22,0
1698,CASH_OUT,5175.5,93158.92,87983.42,20312.45,25487.95,0
1699,PAYMENT,406.77,13576.32,13169.55,15270.67,15677.44,0
1700,DEBIT,45456.08,98117.64,52661.56,44906.19,90362.27,0
1701,DEBIT,3965.03,11506.42,7541.39,48932.7,52897.73,0
1702,CASH_IN,8410.07,87256.42,78846.35,4880.94,13291.01,0
1703,PAYMENT,5139.52,17657.78,12518.26,48772.53,53912.05,0
1704,CASH_OUT,5386.18,52988.94,47602.76,22593.45,27979.63,0
1705,CASH_IN,2660.49,11992.46,9331.97,12662.64,15323.13,0
1706,DEBIT,25.53,5866.11,5840.58,16403.48,16429.01,0
1707,TRANSFER,6959.17,41763.02,34803.85,33470.6,40429.77,0
1708,CASH_IN,986.69,5019.0,4032.31,39542.48,40529.17,0
1709,TRANSFER,2630.33,21219.62,18589.29,49804.44,52434.77,0
1710,PAYMENT,30112.97,98121.92,68008.95,39676.87,69789.84,0
1711,CASH_OUT,846.17,76081.96,75235.79,40843.9,41690.07,0
1712,CASH_OUT,36117.25,37144.3,1027.05,3136.11,39253.36,1
1713,CASH_OUT,2328.92,7894.94,5566.02,26032.77,28361.69,0
1714,CASH_OUT,314.18,4331.32,4017.14,30439.9,30754.08,0
1715,PAYMENT,1263.86,3488.83,2224.97,40518.22,41782.08,0
1716,CASH_IN,411.05,44686.16,44275.11,3725.52,4136.57,0
1717,TRANSFER,17363.37,44258.53,26895.16,4664.89,22028.26,0
1718,DEBIT,26040.43,84302.54,58262.11,32221.16,58261.59,0
1719,CASH_OUT,2673.45,3007.75,334.3,35433.84,38107.29,1
1720,DEBIT,22561.13,59034.61,36473.48,49657.71,72218.84,0
1721,CASH_OUT,12244.78,51345.35,39100.57,13533.73,25778.51,0
1722,CASH_OUT,84677.4,94632.68,9955.28,43347.05,128024.45,1
1723,DEBIT,370.62,6863.11,6492.49,9232.56,9603.18,0
1724,PAYMENT,1461.52,44681.74,43220.22,41265.42,42726.94,0
1725,DEBIT,25439.44,56303.61,30864.17,5549.74,30989.18,0
1726,CASH_IN,17386.81,80504.49,63117.68,39290.42,56677.23,0
1727,CASH_OUT,10399.57,34198.49,23798.92,28789.26,39188.83,0
1728,CASH_IN,4402.25,18799.98,14397.73,48403.63,52805.88,0
1729,DEBIT,4290.54,87326.52,83035.98,21815.07,26105.61,0
1730,DEBIT,23418.89,85391.45,61972.56,9865.7,33284.59,0
1731,CASH_OUT,21017.37,89323.14,68305.77,26390.37,47407.74,0
1732,PAYMENT,200.33,36815.23,36614.9,31308.7,31509.03,0
1733,DEBIT,17886.97,45285.91,27398.94,30917.32,48804.29,0
1734,PAYMENT,16589.7,48129.82,31540.12,30385.49,46975.19,0
1735,TRANSFER,3374.42,39425.18,36050.76,11341.86,14716.28,0
1736,CASH_OUT,4444.01,51977.82,47533.81,33145.31,37589.32,0
1737,DEBIT,23701.4,67411.84,43710.44,14574.21,38275.61,0
1738,CASH_IN,4735.94,9873.55,5137.61,35783.13,40519.07,0
1739,CASH_OUT,10416.73,58188.48,47771.75,13772.9,24189.63,0
1740,CASH_IN,23477.5,50404.58,26927.08,29166.65,52644.15,0
1741,CASH_IN,50.36,21719.49,21669.13,12075.31,12125.67,0
1742,CASH_OUT,22260.93,45400.04,23139.11,17513.62,39774.55,0
1743,DEBIT,42420.6,95569.03,53148.43,15909.37,58329.97,0
1744,PAYMENT,4532.14,15836.42,11304.28,12682.12,17214.26,0
1745,CASH_OUT,10546.14,78548.37,68002.23,34898.59,45444.73,0
1746,CASH_OUT,3759.73,4007.58,247.85,3202.18,6961.91,1
1747,DEBIT,5728.01,25427.99,19699.98,1106.72,6834.73,0
1748,CASH_OUT,7026.64,21476.87,14450.23,20810.85,27837.49,0
1749,PAYMENT,24448.73,56942.16,32493.43,5873.79,30322.52,0
1750,PAYMENT,15412.77,69787.25,54374.48,47249.24,62662.01,0
1751,PAYMENT,8681.83,20584.62,11902.79,10188.8,18870.63,0
1752,CASH_IN,12207.95,90247.1,78039.15,40177.09,52385.04,0
1753,CASH_IN,11511.44,44240.94,32729.5,14746.56,26258.0,0
1754,CASH_OUT,2962.6,3232.37,269.77,8555.12,11517.72,1
1755,CASH_IN,17781.01,68033.53,50252.52,39097.63,56878.64,0
1756,CASH_IN,168.56,1299.07,1130.51,46389.57,46558.13,0
1757,CASH_IN,317.83,4522.63,4204.8,38201.84,38519.67,0
1758,CASH_OUT,18370.21,18940.59,570.38,44930.83,63301.04,1
1759,CASH_OUT,4914.28,29467.45,24553.17,21327.28,26241.56,0
1760,PAYMENT,6860.12,32294.38,25434.26,15466.21,22326.33,0
1761,TRANSFER,23093.8,66846.9,43753.1,39348.43,62442.23,0
1762,DEBIT,13205.78,91678.36,78472.58,9276.3,22482.08,0
1763,TRANSFER,438.56,5791.19,5352.63,20698.38,21136.94,0
1764,CASH_OUT,19580.07,46274.34,26694.27,22616.17,42196.24,0
1765,CASH_IN,3591.65,66474.68,62883.03,24379.08,27970.73,0
1766,CASH_OUT,26645.46,78354.27,51708.81,31757.85,58403.31,0
1767,CASH_IN,8059.09,39611.59,31552.5,28848.37,36907.46,0
1768,DEBIT,6430.99,14488.81,8057.82,23538.12,29969.11,0
1769,DEBIT,27244.3,67745.02,40500.72,32957.78,60202.08,0
1770,DEBIT,34021.82,80453.89,46432.07,5775.9,39797.72,0
1771,CASH_IN,3248.65,10012.6,6763.95,20659.72,23908.37,0
1772,DEBIT,10123.49,56738.28,46614.79,14410.13,24533.62,0
1773,PAYMENT,8025.08,17882.51,9857.43,32807.3,40832.38,0
1774,CASH_OUT,1196.27,29981.41,28785.14,24391.14,25587.41,0
1775,PAYMENT,21164.17,95311.57,74147.4,8735.43,29899.6,0
1776,CASH_OUT,13398.82,99932.31,86533.49,16440.09,29838.91,0
1777,PAYMENT,964.73,7092.76,6128.03,38421.05,39385.78,0
1778,PAYMENT,5569.89,80659.53,75089.64,38798.84,44368.73,0
1779,CASH_OUT,414.78,84888.15,84473.37,20144.5,20559.28,0
1780,CASH_OUT,862.5,1858.24,995.74,3314.51,4177.01,0
1781,PAYMENT,13787.31,65882.94,52095.63,35707.66,49494.97,0
1782,TRANSFER,21479.46,88060.3,66580.84,31531.81,53011.27,0
1783,PAYMENT,3023.84,16326.76,13302.92,16465.27,19489.11,0
1784,TRANSFER,1348.09,11503.11,10155.02,47518.99,48867.08,0
1785,CASH_OUT,16631.23,51636.62,35005.39,5111.21,21742.44,0
1786,DEBIT,21531.05,50752.21,29221.16,1020.08,22551.13,0
1787,CASH_IN,4576.64,35200.65,30624.01,21524.68,26101.32,0
1788,TRANSFER,408.59,22927.86,22519.27,20462.48,20871.07,0
1789,CASH_OUT,26524.66,56014.78,29490.12,25243.74,51768.4,0
1790,TRANSFER,17619.69,82888.66,65268.97,13772.33,31392.02,0
1791,PAYMENT,7678.92,50143.49,42464.57,46360.32,54039.24,0
1792,TRANSFER,2190.27,22159.93,19969.66,20637.92,22828.19,0
1793,TRANSFER,8484.3,37774.87,29290.57,26858.47,35342.77,0
1794,TRANSFER,19124.59,88161.77,69037.18,20604.68,39729.27,0
1795,DEBIT,44774.8,93180.92,48406.12,653.83,45428.63,0
1796,TRANSFER,38485.17,81262.32,42777.15,6796.64,45281.81,0
1797,TRANSFER,382.41,4391.85,4009.44,24985.28,25367.69,0
1798,PAYMENT,3880.5,53838.82,49958.32,462.08,4342.58,0
1799,CASH_OUT,17427.49,88285.78,70858.29,34328.71,51756.2,0
1800,CASH_IN,15983.07,61014.02,45030.95,1224.01,17207.08,0
1801,TRANSFER,574.32,2194.92,1620.6,30287.97,30862.29,0
1802,DEBIT,19010.2,91437.59,72427.39,22974.79,41984.99,0
1803,PAYMENT,24381.55,65166.53,40784.98,45298.68,69680.23,0
1804,CASH_OUT,29272.55,72634.49,43361.94,14474.89,43747.44,0
1805,CASH_IN,31548.4,74529.43,42981.03,3193.32,34741.72,0
1806,DEBIT,21928.53,88451.62,66523.09,15662.54,37591.07,0
1807,DEBIT,17084.12,39464.58,22380.46,36221.12,53305.24,0
1808,DEBIT,7286.61,22160.29,14873.68,21233.95,28520.56,0
1809,TRANSFER,5899.4,25954.92,20055.52,19292.97,25192.37,0
1810,DEBIT,2747.56,45351.55,42603.99,21305.76,24053.32,0
1811,CASH_OUT,9173.11,42457.14,33284.03,2696.63,11869.74,0
1812,PAYMENT,829.57,15805.38,14975.81,6178.62,7008.19,0
1813,TRANSFER,7397.41,75044.44,67647.03,38864.78,46262.19,0
1814,TRANSFER,4265.38,22122.94,17857.56,36980.4,41245.78,0
1815,CASH_IN,10236.44,80795.16,70558.72,12446.45,22682.89,0
1816,CASH_IN,5058.08,79404.14,74346.06,19927.96,24986.04,0
1817,CASH_IN,20799.31,84797.08,63997.77,1852.6,22651.91,0
1818,CASH_IN,1929.02,34577.29,32648.27,13928.4,15857.42,0
1819,TRANSFER,13009.12,81386.17,68377.05,8177.75,21186.87,0
1820,CASH_IN,1172.03,12587.46,11415.43,5679.37,6851.4,0
1821,PAYMENT,16136.0,51413.03,35277.03,17819.32,33955.32,0
1822,TRANSFER,12224.28,50533.03,38308.75,7891.54,20115.82,0
1823,DEBIT,6392.0,26568.17,20176.17,49600.8,55992.8,0
1824,DEBIT,16154.24,42069.91,25915.67,2025.46,18179.7,0
1825,CASH_IN,2662.04,60929.02,58266.98,1826.02,4488.06,0
1826,PAYMENT,20878.71,71222.12,50343.41,17862.1,38740.81,0
1827,CASH_OUT,7670.95,24444.48,16773.53,15074.42,22745.37,0
1828,TRANSFER,8148.7,42252.79,34104.09,26712.36,34861.06,0
1829,CASH_IN,7185.22,34961.36,27776.14,36020.8,43206.02,0
1830,CASH_IN,1299.4,5146.16,3846.76,29211.24,30510.64,0
1831,PAYMENT,5369.82,35877.93,30508.11,27991.24,33361.06,0
1832,CASH_OUT,2532.75,2885.3,352.55,25600.91,28133.66,1
1833,CASH_IN,1862.29,7068.58,5206.29,24832.26,26694.55,0
1834,DEBIT,22196.51,44635.76,22439.25,21003.61,43200.12,0
1835,PAYMENT,5495.47,45968.55,40473.08,41778.24,47273.71,0
1836,DEBIT,789.66,2262.89,1473.23,20899.96,21689.62,0
1837,CASH_IN,22150.73,69492.84,47342.11,35817.72,57968.45,0
1838,TRANSFER,662.62,1431.6,768.98,5625.21,6287.83,0
1839,TRANSFER,7772.45,91578.06,83805.61,40870.62,48643.07,0
1840,PAYMENT,707.38,4383.38,3676.0,40521.65,41229.03,0
1841,DEBIT,8682.38,43455.06,34772.68,9235.7,17918.08,0
1842,CASH_OUT,24220.01,98066.61,73846.6,485.02,24705.03,0
1843,PAYMENT,2891.51,6136.33,3244.82,26361.3,29252.81,0
1844,TRANSFER,35650.9,91345.84,55694.94,37771.86,73422.76,0
1845,CASH_OUT,30012.09,87314.76,57302.67,5579.12,35591.21,0
1846,TRANSFER,28553.76,73496.77,44943.01,43623.14,72176.9,0
1847,PAYMENT,21516.48,51893.99,30377.51,22189.18,43705.66,0
1848,PAYMENT,1474.85,4782.08,3307.23,41402.16,42877.01,0
1849,PAYMENT,474.14,1586.89,1112.75,42370.31,42844.45,0
1850,CASH_OUT,4553.68,39978.2,35424.52,8566.23,13119.91,0
1851,TRANSFER,2856.63,64711.66,61855.03,44676.73,47533.36,0
1852,TRANSFER,36561.74,75823.33,39261.59,5727.26,42289.0,0
1853,CASH_IN,33814.64,86529.64,52715.0,46540.38,80355.02,0
1854,DEBIT,5690.93,28526.83,22835.9,8506.52,14197.45,0
1855,CASH_IN,1175.42,87636.98,86461.56,28099.07,29274.49,0
1856,TRANSFER,11314.13,85464.12,74149.99,25975.09,37289.22,0
1857,TRANSFER,36998.86,95455.3,58456.44,40181.76,77180.62,0
1858,CASH_OUT,18795.25,55399.47,36604.22,30385.46,49180.71,0
1859,CASH_IN,12069.47,43530.67,31461.2,16437.3,28506.77,0
1860,DEBIT,10250.42,26978.37,16727.95,38682.37,48932.79,0
1861,DEBIT,13159.09,69954.21,56795.12,47130.49,60289.58,0
1862,PAYMENT,14907.69,46407.14,31499.45,33990.54,48898.23,0
1863,DEBIT,7808.73,30310.49,22501.76,8268.52,16077.25,0
1864,CASH_IN,1351.61,56718.45,55366.84,2061.39,3413.0,0
1865,PAYMENT,13917.63,44168.78,30251.15,17028.8,30946.43,0
1866,DEBIT,1014.72,16998.2,15983.48,38033.99,39048.71,0
1867,PAYMENT,252.72,9305.9,9053.18,12672.86,12925.58,0
1868,CASH_OUT,18581.18,62064.87,43483.69,14627.02,33208.2,0
1869,CASH_OUT,21170.95,87283.02,66112.07,15278.82,36449.77,0
1870,PAYMENT,20708.48,51256.04,30547.56,18404.28,39112.76,0
1871,TRANSFER,3533.0,28869.45,25336.45,28017.6,31550.6,0
1872,CASH_OUT,67654.21,72236.28,4582.07,35120.88,102775.09,1
1873,PAYMENT,2439.65,15383.31,12943.66,48803.53,51243.18,0
1874,DEBIT,16344.8,66716.04,50371.24,25871.63,42216.43,0
1875,TRANSFER,21362.85,52156.87,30794.02,27356.38,48719.23,0
1876,PAYMENT,17148.06,36420.71,19272.65,35556.48,52704.54,0
1877,CASH_OUT,39363.69,92327.39,52963.7,38744.17,78107.86,0
1878,TRANSFER,13182.01,28335.74,15153.73,18232.0,31414.01,0
1879,PAYMENT,15951.36,75416.3,59464.94,25857.52,41808.88,0
1880,TRANSFER,30012.65,78634.53,48621.88,36130.59,66143.24,0
1881,CASH_IN,12741.5,33748.51,21007.01,16467.68,29209.18,0
1882,CASH_IN,34326.24,85547.62,51221.38,2068.72,36394.96,0
1883,DEBIT,1964.29,8031.43,6067.14,35108.22,37072.51,0
1884,PAYMENT,20795.27,45657.84,24862.57,40715.05,61510.32,0
1885,TRANSFER,22995.57,58064.15,35068.58,16215.68,39211.25,0
1886,TRANSFER,37235.99,93122.4,55886.41,21640.08,58876.07,0
1887,DEBIT,24912.02,94386.54,69474.52,27001.46,51913.48,0
1888,PAYMENT,17657.41,62765.01,45107.6,20106.56,37763.97,0
1889,DEBIT,5138.23,25807.58,20669.35,21405.68,26543.91,0
1890,PAYMENT,32152.63,89407.13,57254.5,29249.64,61402.27,0
1891,DEBIT,6894.29,25749.87,18855.58,34480.4,41374.69,0
1892,TRANSFER,21509.14,77884.08,56374.94,33048.69,54557.83,0
1893,CASH_IN,17193.24,36628.38,19435.14,26696.42,43889.66,0
1894,TRANSFER,18950.76,51635.29,32684.53,20552.36,39503.12,0
1895,PAYMENT,3018.8,7234.17,4215.37,39225.28,42244.08,0
1896,TRANSFER,3562.84,14343.79,10780.95,8455.2,12018.04,0
1897,TRANSFER,3481.48,21835.71,18354.23,12003.48,15484.96,0
1898,TRANSFER,15581.31,93397.73,77816.42,10948.51,26529.82,0
1899,TRANSFER,7373.1,85540.9,78167.8,13548.16,20921.26,0
1900,CASH_IN,1543.2,3999.03,2455.83,31091.23,32634.43,0
1901,CASH_IN,9559.03,23954.1,14395.07,28156.33,37715.36,0
1902,TRANSFER,17305.29,19957.85,2652.56,33807.09,51112.38,1
1903,CASH_OUT,3653.19,23461.71,19808.52,49212.04,52865.23,0
1904,DEBIT,1190.72,2548.69,1357.97,40489.43,41680.15,0
1905,CASH_OUT,22326.49,83016.01,60689.52,7652.13,29978.62,0
1906,TRANSFER,20960.34,94617.34,73657.0,29964.68,50925.02,0
1907,CASH_OUT,3331.31,41032.08,37700.77,35040.9,38372.21,0
1908,CASH_OUT,26686.21,58718.85,32032.64,47099.57,73785.78,0
1909,CASH_OUT,18945.32,63506.37,44561.05,15907.61,34852.93,0
1910,CASH_IN,17003.22,63818.96,46815.74,19626.31,36629.53,0
1911,DEBIT,41753.48,90045.86,48292.38,20130.57,61884.05,0
1912,DEBIT,1594.45,26352.75,24758.3,4926.86,6521.31,0
1913,CASH_OUT,13539.29,73714.22,60174.93,944.04,14483.33,0
1914,DEBIT,2808.07,13521.55,10713.48,740.44,3548.51,0
1915,DEBIT,22763.06,49759.66,26996.6,24459.83,47222.89,0
1916,CASH_IN,22442.22,53904.17,31461.95,20091.98,42534.2,0
1917,DEBIT,9048.04,22413.79,13365.75,37870.11,46918.15,0
1918,CASH_OUT,5048.5,77710.98,72662.48,22687.69,27736.19,0
1919,CASH_OUT,3023.03,33748.7,30725.67,38266.62,41289.65,0
1920,CASH_IN,15242.71,95774.05,80531.34,10980.95,26223.66,0
1921,CASH_IN,39666.3,81241.13,41574.83,32233.61,71899.91,0
1922,DEBIT,1865.6,8899.12,7033.52,47145.64,49011.24,0
1923,PAYMENT,39333.74,93545.1,54211.36,32183.96,71517.7,0
1924,TRANSFER,25060.15,63022.08,37961.93,48451.88,73512.03,0
1925,PAYMENT,27011.24,56942.31,29931.07,45112.28,72123.52,0
1926,CASH_OUT,4657.93,94399.38,89741.45,13256.16,17914.09,0
1927,CASH_OUT,1122.02,34724.85,33602.83,8975.01,10097.03,0
1928,TRANSFER,6057.87,73445.83,67387.96,17567.8,23625.67,0
1929,CASH_OUT,25293.7,55945.56,30651.86,30108.44,55402.14,0
1930,PAYMENT,16874.58,94805.85,77931.27,12493.81,29368.39,0
1931,TRANSFER,22875.96,98929.37,76053.41,3716.58,26592.54,0
1932,CASH_OUT,3652.96,21594.43,17941.47,40483.71,44136.67,0
1933,PAYMENT,16008.52,44678.91,28670.39,19324.69,35333.21,0
1934,DEBIT,15168.16,97625.38,82457.22,23048.48,38216.64,0
1935,CASH_IN,20905.07,88536.53,67631.46,19145.47,40050.54,0
1936,CASH_OUT,32608.46,75487.84,42879.38,32559.89,65168.35,0
1937,CASH_OUT,15525.3,35426.05,19900.75,10082.76,25608.06,0
1938,TRANSFER,15181.34,51808.36,36627.02,8980.44,24161.78,0
1939,TRANSFER,21790.86,52488.19,30697.33,20962.46,42753.32,0
1940,DEBIT,3160.57,7870.14,4709.57,40451.63,43612.2,0
1941,TRANSFER,22861.75,58555.29,35693.54,9588.67,32450.42,0
1942,CASH_IN,19238.25,78020.46,58782.21,28206.35,47444.6,0
1943,CASH_OUT,13081.64,87755.08,74673.44,593.57,13675.21,0
1944,PAYMENT,1464.2,61849.47,60385.27,43955.51,45419.71,0
1945,CASH_IN,12841.27,46751.91,33910.64,47455.62,60296.89,0
1946,PAYMENT,13798.87,72971.01,59172.14,405.41,14204.28,0
1947,TRANSFER,11755.08,13774.64,2019.56,34346.37,46101.45,1
1948,DEBIT,333.34,2091.82,1758.48,629.75,963.09,0
1949,PAYMENT,5370.94,53945.3,48574.36,25420.3,30791.24,0
1950,PAYMENT,193.61,6211.57,6017.96,15266.29,15459.9,0
1951,CASH_IN,7968.58,60220.06,52251.48,26381.22,34349.8,0
1952,CASH_IN,6809.4,22092.68,15283.28,18762.32,25571.72,0
1953,PAYMENT,11129.59,77941.41,66811.82,42210.48,53340.07,0
1954,TRANSFER,12973.57,28059.56,15085.99,17712.3,30685.87,0
1955,PAYMENT,7793.98,27043.9,19249.92,34821.89,42615.87,0
1956,TRANSFER,2501.45,71707.33,69205.88,48608.33,51109.78,0
1957,CASH_OUT,84485.61,97086.76,12601.15,7545.8,92031.41,1
1958,CASH_OUT,1320.36,36144.51,34824.15,33660.21,34980.57,0
1959,CASH_OUT,11394.41,66651.64,55257.23,34184.98,45579.39,0
1960,CASH_OUT,43946.58,45213.59,1267.01,47731.88,91678.46,1
1961,DEBIT,12095.76,28957.31,16861.55,15842.25,27938.01,0
1962,PAYMENT,9867.56,21491.64,11624.08,40759.01,50626.57,0
1963,CASH_OUT,1632.71,8706.08,7073.37,34438.38,36071.09,0
1964,DEBIT,24857.14,61804.19,36947.05,44962.52,69819.66,0
1965,PAYMENT,279.82,1267.42,987.6,25163.2,25443.02,0
1966,DEBIT,929.34,5296.32,4366.98,8958.98,9888.32,0
1967,CASH_IN,6175.83,58805.09,52629.26,3705.44,9881.27,0
1968,CASH_IN,4947.84,10409.6,5461.76,49020.72,53968.56,0
1969,TRANSFER,1443.98,4901.54,3457.56,3082.09,4526.07,0
1970,TRANSFER,21874.25,70123.33,48249.08,9450.86,31325.11,0
1971,TRANSFER,10568.4,53414.14,42845.74,16116.92,26685.32,0
1972,CASH_OUT,5307.33,29176.42,23869.09,23225.61,28532.94,0
1973,TRANSFER,46931.37,98898.7,51967.33,3913.72,50845.09,0
1974,CASH_IN,2660.85,23510.62,20849.77,1046.6,3707.45,0
1975,PAYMENT,1292.74,4345.13,3052.39,9336.65,10629.39,0
1976,DEBIT,7931.87,47436.97,39505.1,5368.06,13299.93,0
1977,TRANSFER,22694.67,47554.66,24859.99,5783.76,28478.43,0
1978,TRANSFER,14775.9,31688.03,16912.13,12423.43,27199.33,0
1979,DEBIT,17768.63,50970.68,33202.05,29341.02,47109.65,0
1980,PAYMENT,18529.92,69379.4,50849.48,18958.04,37487.96,0
1981,PAYMENT,18756.49,44481.84,25725.35,24479.38,43235.87,0
1982,PAYMENT,351.88,11137.05,10785.17,2566.72,2918.6,0
1983,TRANSFER,26772.29,72075.77,45303.48,2542.7,29314.99,0
1984,CASH_IN,6942.4,41134.99,34192.59,710.11,7652.51,0
1985,TRANSFER,7290.04,80616.09,73326.05,20328.39,27618.43,0
1986,CASH_IN,3301.56,51511.08,48209.52,36949.6,40251.16,0
1987,CASH_IN,7399.51,16176.32,8776.81,3220.26,10619.77,0
1988,CASH_OUT,397.6,40451.7,40054.1,38624.89,39022.49,0
1989,TRANSFER,8879.81,49531.98,40652.17,41391.43,50271.24,0
1990,CASH_OUT,20880.89,21331.45,450.56,23377.19,44258.08,1
1991,CASH_OUT,41333.22,97220.53,55887.31,35318.44,76651.66,0
1992,TRANSFER,6913.0,72508.81,65595.81,22107.81,29020.81,0
1993,PAYMENT,14385.44,74418.7,60033.26,16514.71,30900.15,0
1994,PAYMENT,1106.81,5710.74,4603.93,7912.04,9018.85,0
1995,TRANSFER,9567.86,66815.97,57248.11,9945.84,19513.7,0
1996,CASH_IN,24373.67,60697.38,36323.71,39584.75,63958.42,0
1997,TRANSFER,2608.5,10253.33,7644.83,8111.78,10720.28,0
1998,CASH_OUT,15795.24,53544.31,37749.07,10030.82,25826.06,0
1999,DEBIT,2895.32,25680.24,22784.92,25972.44,28867.76,0
